"","ID","timepoints","predict_log10N","model"
"1","Stenotrophomonas.maltophilia.2_TSB_15_1_0",0.91889634161322,-1.79005303060727,"Cubic"
"2","Stenotrophomonas.maltophilia.2_TSB_15_1_0",3.32250179918535,-1.74610533123588,"Cubic"
"3","Stenotrophomonas.maltophilia.2_TSB_15_1_0",5.72610725675748,-1.70300123215116,"Cubic"
"4","Stenotrophomonas.maltophilia.2_TSB_15_1_0",8.12971271432961,-1.66073387852658,"Cubic"
"5","Stenotrophomonas.maltophilia.2_TSB_15_1_0",10.5333181719017,-1.61929641553564,"Cubic"
"6","Stenotrophomonas.maltophilia.2_TSB_15_1_0",12.9369236294739,-1.57868198835183,"Cubic"
"7","Stenotrophomonas.maltophilia.2_TSB_15_1_0",15.340529087046,-1.53888374214863,"Cubic"
"8","Stenotrophomonas.maltophilia.2_TSB_15_1_0",17.7441345446181,-1.49989482209953,"Cubic"
"9","Stenotrophomonas.maltophilia.2_TSB_15_1_0",20.1477400021903,-1.46170837337801,"Cubic"
"10","Stenotrophomonas.maltophilia.2_TSB_15_1_0",22.5513454597624,-1.42431754115757,"Cubic"
"11","Stenotrophomonas.maltophilia.2_TSB_15_1_0",24.9549509173345,-1.38771547061169,"Cubic"
"12","Stenotrophomonas.maltophilia.2_TSB_15_1_0",27.3585563749066,-1.35189530691386,"Cubic"
"13","Stenotrophomonas.maltophilia.2_TSB_15_1_0",29.7621618324788,-1.31685019523756,"Cubic"
"14","Stenotrophomonas.maltophilia.2_TSB_15_1_0",32.1657672900509,-1.28257328075629,"Cubic"
"15","Stenotrophomonas.maltophilia.2_TSB_15_1_0",34.569372747623,-1.24905770864352,"Cubic"
"16","Stenotrophomonas.maltophilia.2_TSB_15_1_0",36.9729782051952,-1.21629662407275,"Cubic"
"17","Stenotrophomonas.maltophilia.2_TSB_15_1_0",39.3765836627673,-1.18428317221746,"Cubic"
"18","Stenotrophomonas.maltophilia.2_TSB_15_1_0",41.7801891203394,-1.15301049825115,"Cubic"
"19","Stenotrophomonas.maltophilia.2_TSB_15_1_0",44.1837945779116,-1.12247174734729,"Cubic"
"20","Stenotrophomonas.maltophilia.2_TSB_15_1_0",46.5874000354837,-1.09266006467938,"Cubic"
"21","Stenotrophomonas.maltophilia.2_TSB_15_1_0",48.9910054930558,-1.0635685954209,"Cubic"
"22","Stenotrophomonas.maltophilia.2_TSB_15_1_0",51.3946109506279,-1.03519048474534,"Cubic"
"23","Stenotrophomonas.maltophilia.2_TSB_15_1_0",53.7982164082001,-1.00751887782619,"Cubic"
"24","Stenotrophomonas.maltophilia.2_TSB_15_1_0",56.2018218657722,-0.98054691983693,"Cubic"
"25","Stenotrophomonas.maltophilia.2_TSB_15_1_0",58.6054273233443,-0.954267755951052,"Cubic"
"26","Stenotrophomonas.maltophilia.2_TSB_15_1_0",61.0090327809165,-0.928674531342042,"Cubic"
"27","Stenotrophomonas.maltophilia.2_TSB_15_1_0",63.4126382384886,-0.903760391183387,"Cubic"
"28","Stenotrophomonas.maltophilia.2_TSB_15_1_0",65.8162436960607,-0.879518480648575,"Cubic"
"29","Stenotrophomonas.maltophilia.2_TSB_15_1_0",68.2198491536329,-0.855941944911092,"Cubic"
"30","Stenotrophomonas.maltophilia.2_TSB_15_1_0",70.623454611205,-0.833023929144427,"Cubic"
"31","Stenotrophomonas.maltophilia.2_TSB_15_1_0",73.0270600687771,-0.810757578522065,"Cubic"
"32","Stenotrophomonas.maltophilia.2_TSB_15_1_0",75.4306655263492,-0.789136038217494,"Cubic"
"33","Stenotrophomonas.maltophilia.2_TSB_15_1_0",77.8342709839214,-0.768152453404202,"Cubic"
"34","Stenotrophomonas.maltophilia.2_TSB_15_1_0",80.2378764414935,-0.747799969255674,"Cubic"
"35","Stenotrophomonas.maltophilia.2_TSB_15_1_0",82.6414818990656,-0.7280717309454,"Cubic"
"36","Stenotrophomonas.maltophilia.2_TSB_15_1_0",85.0450873566378,-0.708960883646865,"Cubic"
"37","Stenotrophomonas.maltophilia.2_TSB_15_1_0",87.4486928142099,-0.690460572533558,"Cubic"
"38","Stenotrophomonas.maltophilia.2_TSB_15_1_0",89.852298271782,-0.672563942778964,"Cubic"
"39","Stenotrophomonas.maltophilia.2_TSB_15_1_0",92.2559037293541,-0.655264139556572,"Cubic"
"40","Stenotrophomonas.maltophilia.2_TSB_15_1_0",94.6595091869263,-0.638554308039868,"Cubic"
"41","Stenotrophomonas.maltophilia.2_TSB_15_1_0",97.0631146444984,-0.622427593402339,"Cubic"
"42","Stenotrophomonas.maltophilia.2_TSB_15_1_0",99.4667201020705,-0.606877140817474,"Cubic"
"43","Stenotrophomonas.maltophilia.2_TSB_15_1_0",101.870325559643,-0.591896095458758,"Cubic"
"44","Stenotrophomonas.maltophilia.2_TSB_15_1_0",104.273931017215,-0.577477602499679,"Cubic"
"45","Stenotrophomonas.maltophilia.2_TSB_15_1_0",106.677536474787,-0.563614807113725,"Cubic"
"46","Stenotrophomonas.maltophilia.2_TSB_15_1_0",109.081141932359,-0.550300854474382,"Cubic"
"47","Stenotrophomonas.maltophilia.2_TSB_15_1_0",111.484747389931,-0.537528889755137,"Cubic"
"48","Stenotrophomonas.maltophilia.2_TSB_15_1_0",113.888352847503,-0.525292058129478,"Cubic"
"49","Stenotrophomonas.maltophilia.2_TSB_15_1_0",116.291958305075,-0.513583504770892,"Cubic"
"50","Stenotrophomonas.maltophilia.2_TSB_15_1_0",118.695563762648,-0.502396374852866,"Cubic"
"51","Stenotrophomonas.maltophilia.2_TSB_15_1_0",121.09916922022,-0.491723813548887,"Cubic"
"52","Stenotrophomonas.maltophilia.2_TSB_15_1_0",123.502774677792,-0.481558966032443,"Cubic"
"53","Stenotrophomonas.maltophilia.2_TSB_15_1_0",125.906380135364,-0.471894977477019,"Cubic"
"54","Stenotrophomonas.maltophilia.2_TSB_15_1_0",128.309985592936,-0.462724993056105,"Cubic"
"55","Stenotrophomonas.maltophilia.2_TSB_15_1_0",130.713591050508,-0.454042157943187,"Cubic"
"56","Stenotrophomonas.maltophilia.2_TSB_15_1_0",133.11719650808,-0.445839617311751,"Cubic"
"57","Stenotrophomonas.maltophilia.2_TSB_15_1_0",135.520801965652,-0.438110516335285,"Cubic"
"58","Stenotrophomonas.maltophilia.2_TSB_15_1_0",137.924407423225,-0.430848000187277,"Cubic"
"59","Stenotrophomonas.maltophilia.2_TSB_15_1_0",140.328012880797,-0.424045214041213,"Cubic"
"60","Stenotrophomonas.maltophilia.2_TSB_15_1_0",142.731618338369,-0.417695303070581,"Cubic"
"61","Stenotrophomonas.maltophilia.2_TSB_15_1_0",145.135223795941,-0.411791412448868,"Cubic"
"62","Stenotrophomonas.maltophilia.2_TSB_15_1_0",147.538829253513,-0.406326687349561,"Cubic"
"63","Stenotrophomonas.maltophilia.2_TSB_15_1_0",149.942434711085,-0.401294272946146,"Cubic"
"64","Stenotrophomonas.maltophilia.2_TSB_15_1_0",152.346040168657,-0.396687314412112,"Cubic"
"65","Stenotrophomonas.maltophilia.2_TSB_15_1_0",154.74964562623,-0.392498956920946,"Cubic"
"66","Stenotrophomonas.maltophilia.2_TSB_15_1_0",157.153251083802,-0.388722345646134,"Cubic"
"67","Stenotrophomonas.maltophilia.2_TSB_15_1_0",159.556856541374,-0.385350625761163,"Cubic"
"68","Stenotrophomonas.maltophilia.2_TSB_15_1_0",161.960461998946,-0.382376942439522,"Cubic"
"69","Stenotrophomonas.maltophilia.2_TSB_15_1_0",164.364067456518,-0.379794440854697,"Cubic"
"70","Stenotrophomonas.maltophilia.2_TSB_15_1_0",166.76767291409,-0.377596266180174,"Cubic"
"71","Stenotrophomonas.maltophilia.2_TSB_15_1_0",169.171278371662,-0.375775563589443,"Cubic"
"72","Stenotrophomonas.maltophilia.2_TSB_15_1_0",171.574883829234,-0.374325478255988,"Cubic"
"73","Stenotrophomonas.maltophilia.2_TSB_15_1_0",173.978489286807,-0.373239155353299,"Cubic"
"74","Stenotrophomonas.maltophilia.2_TSB_15_1_0",176.382094744379,-0.372509740054861,"Cubic"
"75","Stenotrophomonas.maltophilia.2_TSB_15_1_0",178.785700201951,-0.372130377534163,"Cubic"
"76","Stenotrophomonas.maltophilia.2_TSB_15_1_0",181.189305659523,-0.37209421296469,"Cubic"
"77","Stenotrophomonas.maltophilia.2_TSB_15_1_0",183.592911117095,-0.372394391519931,"Cubic"
"78","Stenotrophomonas.maltophilia.2_TSB_15_1_0",185.996516574667,-0.373024058373373,"Cubic"
"79","Stenotrophomonas.maltophilia.2_TSB_15_1_0",188.400122032239,-0.373976358698502,"Cubic"
"80","Stenotrophomonas.maltophilia.2_TSB_15_1_0",190.803727489811,-0.375244437668806,"Cubic"
"81","Stenotrophomonas.maltophilia.2_TSB_15_1_0",193.207332947384,-0.376821440457771,"Cubic"
"82","Stenotrophomonas.maltophilia.2_TSB_15_1_0",195.610938404956,-0.378700512238887,"Cubic"
"83","Stenotrophomonas.maltophilia.2_TSB_15_1_0",198.014543862528,-0.380874798185638,"Cubic"
"84","Stenotrophomonas.maltophilia.2_TSB_15_1_0",200.4181493201,-0.383337443471513,"Cubic"
"85","Stenotrophomonas.maltophilia.2_TSB_15_1_0",202.821754777672,-0.386081593269998,"Cubic"
"86","Stenotrophomonas.maltophilia.2_TSB_15_1_0",205.225360235244,-0.389100392754581,"Cubic"
"87","Stenotrophomonas.maltophilia.2_TSB_15_1_0",207.628965692816,-0.392386987098749,"Cubic"
"88","Stenotrophomonas.maltophilia.2_TSB_15_1_0",210.032571150389,-0.39593452147599,"Cubic"
"89","Stenotrophomonas.maltophilia.2_TSB_15_1_0",212.436176607961,-0.399736141059789,"Cubic"
"90","Stenotrophomonas.maltophilia.2_TSB_15_1_0",214.839782065533,-0.403784991023635,"Cubic"
"91","Stenotrophomonas.maltophilia.2_TSB_15_1_0",217.243387523105,-0.408074216541015,"Cubic"
"92","Stenotrophomonas.maltophilia.2_TSB_15_1_0",219.646992980677,-0.412596962785415,"Cubic"
"93","Stenotrophomonas.maltophilia.2_TSB_15_1_0",222.050598438249,-0.417346374930324,"Cubic"
"94","Stenotrophomonas.maltophilia.2_TSB_15_1_0",224.454203895821,-0.422315598149227,"Cubic"
"95","Stenotrophomonas.maltophilia.2_TSB_15_1_0",226.857809353393,-0.427497777615612,"Cubic"
"96","Stenotrophomonas.maltophilia.2_TSB_15_1_0",229.261414810966,-0.432886058502967,"Cubic"
"97","Stenotrophomonas.maltophilia.2_TSB_15_1_0",231.665020268538,-0.438473585984779,"Cubic"
"98","Stenotrophomonas.maltophilia.2_TSB_15_1_0",234.06862572611,-0.444253505234534,"Cubic"
"99","Stenotrophomonas.maltophilia.2_TSB_15_1_0",236.472231183682,-0.45021896142572,"Cubic"
"100","Stenotrophomonas.maltophilia.2_TSB_15_1_0",238.875836641254,-0.456363099731824,"Cubic"
"101","Stenotrophomonas.maltophilia.2_TSB_15_1_0",241.279442098826,-0.462679065326334,"Cubic"
"102","Stenotrophomonas.maltophilia.2_TSB_15_1_0",243.683047556398,-0.469160003382735,"Cubic"
"103","Stenotrophomonas.maltophilia.2_TSB_15_1_0",246.08665301397,-0.475799059074516,"Cubic"
"104","Stenotrophomonas.maltophilia.2_TSB_15_1_0",248.490258471543,-0.482589377575164,"Cubic"
"105","Stenotrophomonas.maltophilia.2_TSB_15_1_0",250.893863929115,-0.489524104058166,"Cubic"
"106","Stenotrophomonas.maltophilia.2_TSB_15_1_0",253.297469386687,-0.496596383697009,"Cubic"
"107","Stenotrophomonas.maltophilia.2_TSB_15_1_0",255.701074844259,-0.503799361665179,"Cubic"
"108","Stenotrophomonas.maltophilia.2_TSB_15_1_0",258.104680301831,-0.511126183136166,"Cubic"
"109","Stenotrophomonas.maltophilia.2_TSB_15_1_0",260.508285759403,-0.518569993283454,"Cubic"
"110","Stenotrophomonas.maltophilia.2_TSB_15_1_0",262.911891216975,-0.526123937280533,"Cubic"
"111","Stenotrophomonas.maltophilia.2_TSB_15_1_0",265.315496674547,-0.533781160300888,"Cubic"
"112","Stenotrophomonas.maltophilia.2_TSB_15_1_0",267.71910213212,-0.541534807518007,"Cubic"
"113","Stenotrophomonas.maltophilia.2_TSB_15_1_0",270.122707589692,-0.549378024105377,"Cubic"
"114","Stenotrophomonas.maltophilia.2_TSB_15_1_0",272.526313047264,-0.557303955236485,"Cubic"
"115","Stenotrophomonas.maltophilia.2_TSB_15_1_0",274.929918504836,-0.565305746084819,"Cubic"
"116","Stenotrophomonas.maltophilia.2_TSB_15_1_0",277.333523962408,-0.573376541823866,"Cubic"
"117","Stenotrophomonas.maltophilia.2_TSB_15_1_0",279.73712941998,-0.581509487627112,"Cubic"
"118","Stenotrophomonas.maltophilia.2_TSB_15_1_0",282.140734877552,-0.589697728668045,"Cubic"
"119","Stenotrophomonas.maltophilia.2_TSB_15_1_0",284.544340335125,-0.597934410120152,"Cubic"
"120","Stenotrophomonas.maltophilia.2_TSB_15_1_0",286.947945792697,-0.606212677156921,"Cubic"
"121","Stenotrophomonas.maltophilia.2_TSB_15_1_0",289.351551250269,-0.614525674951838,"Cubic"
"122","Stenotrophomonas.maltophilia.2_TSB_15_1_0",291.755156707841,-0.62286654867839,"Cubic"
"123","Stenotrophomonas.maltophilia.2_TSB_15_1_0",294.158762165413,-0.631228443510066,"Cubic"
"124","Stenotrophomonas.maltophilia.2_TSB_15_1_0",296.562367622985,-0.639604504620351,"Cubic"
"125","Stenotrophomonas.maltophilia.2_TSB_15_1_0",298.965973080557,-0.647987877182733,"Cubic"
"126","Stenotrophomonas.maltophilia.2_TSB_15_1_0",301.369578538129,-0.656371706370699,"Cubic"
"127","Stenotrophomonas.maltophilia.2_TSB_15_1_0",303.773183995702,-0.664749137357737,"Cubic"
"128","Stenotrophomonas.maltophilia.2_TSB_15_1_0",306.176789453274,-0.673113315317333,"Cubic"
"129","Stenotrophomonas.maltophilia.2_TSB_15_1_0",308.580394910846,-0.681457385422975,"Cubic"
"130","Stenotrophomonas.maltophilia.2_TSB_15_1_0",310.984000368418,-0.68977449284815,"Cubic"
"131","Stenotrophomonas.maltophilia.2_TSB_15_1_0",313.38760582599,-0.698057782766345,"Cubic"
"132","Stenotrophomonas.maltophilia.2_TSB_15_1_0",315.791211283562,-0.706300400351047,"Cubic"
"133","Stenotrophomonas.maltophilia.2_TSB_15_1_0",318.194816741134,-0.714495490775743,"Cubic"
"134","Stenotrophomonas.maltophilia.2_TSB_15_1_0",320.598422198706,-0.722636199213921,"Cubic"
"135","Stenotrophomonas.maltophilia.2_TSB_15_1_0",323.002027656279,-0.730715670839067,"Cubic"
"136","Stenotrophomonas.maltophilia.2_TSB_15_1_0",325.405633113851,-0.738727050824669,"Cubic"
"137","Stenotrophomonas.maltophilia.2_TSB_15_1_0",327.809238571423,-0.746663484344215,"Cubic"
"138","Stenotrophomonas.maltophilia.2_TSB_15_1_0",330.212844028995,-0.75451811657119,"Cubic"
"139","Stenotrophomonas.maltophilia.2_TSB_15_1_0",332.616449486567,-0.762284092679083,"Cubic"
"140","Stenotrophomonas.maltophilia.2_TSB_15_1_0",335.020054944139,-0.76995455784138,"Cubic"
"141","Stenotrophomonas.maltophilia.2_TSB_15_1_0",337.423660401711,-0.777522657231569,"Cubic"
"142","Stenotrophomonas.maltophilia.2_TSB_15_1_0",339.827265859284,-0.784981536023136,"Cubic"
"143","Stenotrophomonas.maltophilia.2_TSB_15_1_0",342.230871316856,-0.792324339389569,"Cubic"
"144","Stenotrophomonas.maltophilia.2_TSB_15_1_0",344.634476774428,-0.799544212504356,"Cubic"
"145","Stenotrophomonas.maltophilia.2_TSB_15_1_0",347.038082232,-0.806634300540983,"Cubic"
"146","Stenotrophomonas.maltophilia.2_TSB_15_1_0",349.441687689572,-0.813587748672937,"Cubic"
"147","Stenotrophomonas.maltophilia.2_TSB_15_1_0",351.845293147144,-0.820397702073706,"Cubic"
"148","Stenotrophomonas.maltophilia.2_TSB_15_1_0",354.248898604716,-0.827057305916776,"Cubic"
"149","Stenotrophomonas.maltophilia.2_TSB_15_1_0",356.652504062288,-0.833559705375636,"Cubic"
"150","Stenotrophomonas.maltophilia.2_TSB_15_1_0",359.056109519861,-0.839898045623771,"Cubic"
"151","Stenotrophomonas.maltophilia.2_TSB_15_1_0",361.459714977433,-0.84606547183467,"Cubic"
"152","Stenotrophomonas.maltophilia.2_TSB_15_1_0",363.863320435005,-0.852055129181819,"Cubic"
"153","Stenotrophomonas.maltophilia.2_TSB_15_1_0",366.266925892577,-0.857860162838706,"Cubic"
"154","Stenotrophomonas.maltophilia.2_TSB_15_1_0",368.670531350149,-0.863473717978817,"Cubic"
"155","Stenotrophomonas.maltophilia.2_TSB_15_1_0",371.074136807721,-0.86888893977564,"Cubic"
"156","Stenotrophomonas.maltophilia.2_TSB_15_1_0",373.477742265293,-0.874098973402662,"Cubic"
"157","Stenotrophomonas.maltophilia.2_TSB_15_1_0",375.881347722865,-0.879096964033371,"Cubic"
"158","Stenotrophomonas.maltophilia.2_TSB_15_1_0",378.284953180438,-0.883876056841252,"Cubic"
"159","Stenotrophomonas.maltophilia.2_TSB_15_1_0",380.68855863801,-0.888429396999795,"Cubic"
"160","Stenotrophomonas.maltophilia.2_TSB_15_1_0",383.092164095582,-0.892750129682484,"Cubic"
"161","Stenotrophomonas.maltophilia.2_TSB_15_1_0",385.495769553154,-0.896831400062809,"Cubic"
"162","Stenotrophomonas.maltophilia.2_TSB_15_1_0",387.899375010726,-0.900666353314256,"Cubic"
"163","Stenotrophomonas.maltophilia.2_TSB_15_1_0",390.302980468298,-0.904248134610312,"Cubic"
"164","Stenotrophomonas.maltophilia.2_TSB_15_1_0",392.70658592587,-0.907569889124464,"Cubic"
"165","Stenotrophomonas.maltophilia.2_TSB_15_1_0",395.110191383442,-0.910624762030199,"Cubic"
"166","Stenotrophomonas.maltophilia.2_TSB_15_1_0",397.513796841015,-0.913405898501006,"Cubic"
"167","Stenotrophomonas.maltophilia.2_TSB_15_1_0",399.917402298587,-0.91590644371037,"Cubic"
"168","Stenotrophomonas.maltophilia.2_TSB_15_1_0",402.321007756159,-0.918119542831779,"Cubic"
"169","Stenotrophomonas.maltophilia.2_TSB_15_1_0",404.724613213731,-0.92003834103872,"Cubic"
"170","Stenotrophomonas.maltophilia.2_TSB_15_1_0",407.128218671303,-0.92165598350468,"Cubic"
"171","Stenotrophomonas.maltophilia.2_TSB_15_1_0",409.531824128875,-0.922965615403147,"Cubic"
"172","Stenotrophomonas.maltophilia.2_TSB_15_1_0",411.935429586447,-0.923960381907607,"Cubic"
"173","Stenotrophomonas.maltophilia.2_TSB_15_1_0",414.33903504402,-0.924633428191548,"Cubic"
"174","Stenotrophomonas.maltophilia.2_TSB_15_1_0",416.742640501592,-0.924977899428457,"Cubic"
"175","Stenotrophomonas.maltophilia.2_TSB_15_1_0",419.146245959164,-0.924986940791821,"Cubic"
"176","Stenotrophomonas.maltophilia.2_TSB_15_1_0",421.549851416736,-0.924653697455128,"Cubic"
"177","Stenotrophomonas.maltophilia.2_TSB_15_1_0",423.953456874308,-0.923971314591863,"Cubic"
"178","Stenotrophomonas.maltophilia.2_TSB_15_1_0",426.35706233188,-0.922932937375516,"Cubic"
"179","Stenotrophomonas.maltophilia.2_TSB_15_1_0",428.760667789452,-0.921531710979572,"Cubic"
"180","Stenotrophomonas.maltophilia.2_TSB_15_1_0",431.164273247024,-0.919760780577519,"Cubic"
"181","Stenotrophomonas.maltophilia.2_TSB_15_1_0",433.567878704597,-0.917613291342843,"Cubic"
"182","Stenotrophomonas.maltophilia.2_TSB_15_1_0",435.971484162169,-0.915082388449033,"Cubic"
"183","Stenotrophomonas.maltophilia.2_TSB_15_1_0",438.375089619741,-0.912161217069576,"Cubic"
"184","Stenotrophomonas.maltophilia.2_TSB_15_1_0",440.778695077313,-0.908842922377958,"Cubic"
"185","Stenotrophomonas.maltophilia.2_TSB_15_1_0",443.182300534885,-0.905120649547666,"Cubic"
"186","Stenotrophomonas.maltophilia.2_TSB_15_1_0",445.585905992457,-0.900987543752189,"Cubic"
"187","Stenotrophomonas.maltophilia.2_TSB_15_1_0",447.989511450029,-0.896436750165012,"Cubic"
"188","Stenotrophomonas.maltophilia.2_TSB_15_1_0",450.393116907601,-0.891461413959624,"Cubic"
"189","Stenotrophomonas.maltophilia.2_TSB_15_1_0",452.796722365174,-0.886054680309511,"Cubic"
"190","Stenotrophomonas.maltophilia.2_TSB_15_1_0",455.200327822746,-0.88020969438816,"Cubic"
"191","Stenotrophomonas.maltophilia.2_TSB_15_1_0",457.603933280318,-0.87391960136906,"Cubic"
"192","Stenotrophomonas.maltophilia.2_TSB_15_1_0",460.00753873789,-0.867177546425695,"Cubic"
"193","Stenotrophomonas.maltophilia.2_TSB_15_1_0",462.411144195462,-0.859976674731555,"Cubic"
"194","Stenotrophomonas.maltophilia.2_TSB_15_1_0",464.814749653034,-0.852310131460126,"Cubic"
"195","Stenotrophomonas.maltophilia.2_TSB_15_1_0",467.218355110606,-0.844171061784895,"Cubic"
"196","Stenotrophomonas.maltophilia.2_TSB_15_1_0",469.621960568179,-0.83555261087935,"Cubic"
"197","Stenotrophomonas.maltophilia.2_TSB_15_1_0",472.025566025751,-0.826447923916977,"Cubic"
"198","Stenotrophomonas.maltophilia.2_TSB_15_1_0",474.429171483323,-0.816850146071264,"Cubic"
"199","Stenotrophomonas.maltophilia.2_TSB_15_1_0",476.832776940895,-0.806752422515698,"Cubic"
"200","Stenotrophomonas.maltophilia.2_TSB_15_1_0",479.236382398467,-0.796147898423766,"Cubic"
"1100","Stenotrophomonas.maltophilia.2_TSB_15_1_0",0.91889634161322,-2.55942241205584,"Logistic"
"210","Stenotrophomonas.maltophilia.2_TSB_15_1_0",3.32250179918535,-2.01296671209409,"Logistic"
"310","Stenotrophomonas.maltophilia.2_TSB_15_1_0",5.72610725675748,-1.6879321951967,"Logistic"
"410","Stenotrophomonas.maltophilia.2_TSB_15_1_0",8.12971271432961,-1.47336439225397,"Logistic"
"510","Stenotrophomonas.maltophilia.2_TSB_15_1_0",10.5333181719017,-1.32181890422372,"Logistic"
"610","Stenotrophomonas.maltophilia.2_TSB_15_1_0",12.9369236294739,-1.20960707224861,"Logistic"
"710","Stenotrophomonas.maltophilia.2_TSB_15_1_0",15.340529087046,-1.12358054357479,"Logistic"
"810","Stenotrophomonas.maltophilia.2_TSB_15_1_0",17.7441345446181,-1.05585480110069,"Logistic"
"910","Stenotrophomonas.maltophilia.2_TSB_15_1_0",20.1477400021903,-1.00141397495893,"Logistic"
"1010","Stenotrophomonas.maltophilia.2_TSB_15_1_0",22.5513454597624,-0.956914475418265,"Logistic"
"1110","Stenotrophomonas.maltophilia.2_TSB_15_1_0",24.9549509173345,-0.920041319840346,"Logistic"
"1210","Stenotrophomonas.maltophilia.2_TSB_15_1_0",27.3585563749066,-0.889140564177296,"Logistic"
"1310","Stenotrophomonas.maltophilia.2_TSB_15_1_0",29.7621618324788,-0.86299888404646,"Logistic"
"1410","Stenotrophomonas.maltophilia.2_TSB_15_1_0",32.1657672900509,-0.840705877152804,"Logistic"
"1510","Stenotrophomonas.maltophilia.2_TSB_15_1_0",34.569372747623,-0.821564999823452,"Logistic"
"1610","Stenotrophomonas.maltophilia.2_TSB_15_1_0",36.9729782051952,-0.805034210636198,"Logistic"
"1710","Stenotrophomonas.maltophilia.2_TSB_15_1_0",39.3765836627673,-0.790685368581212,"Logistic"
"1810","Stenotrophomonas.maltophilia.2_TSB_15_1_0",41.7801891203394,-0.778175816964501,"Logistic"
"1910","Stenotrophomonas.maltophilia.2_TSB_15_1_0",44.1837945779116,-0.767228088186761,"Logistic"
"201","Stenotrophomonas.maltophilia.2_TSB_15_1_0",46.5874000354837,-0.75761514355901,"Logistic"
"211","Stenotrophomonas.maltophilia.2_TSB_15_1_0",48.9910054930558,-0.749149462289235,"Logistic"
"221","Stenotrophomonas.maltophilia.2_TSB_15_1_0",51.3946109506279,-0.741674856086021,"Logistic"
"231","Stenotrophomonas.maltophilia.2_TSB_15_1_0",53.7982164082001,-0.735060245604913,"Logistic"
"241","Stenotrophomonas.maltophilia.2_TSB_15_1_0",56.2018218657722,-0.729194870143206,"Logistic"
"251","Stenotrophomonas.maltophilia.2_TSB_15_1_0",58.6054273233443,-0.723984558736977,"Logistic"
"261","Stenotrophomonas.maltophilia.2_TSB_15_1_0",61.0090327809165,-0.71934879715328,"Logistic"
"271","Stenotrophomonas.maltophilia.2_TSB_15_1_0",63.4126382384886,-0.715218398589586,"Logistic"
"281","Stenotrophomonas.maltophilia.2_TSB_15_1_0",65.8162436960607,-0.711533637202595,"Logistic"
"291","Stenotrophomonas.maltophilia.2_TSB_15_1_0",68.2198491536329,-0.708242739991621,"Logistic"
"301","Stenotrophomonas.maltophilia.2_TSB_15_1_0",70.623454611205,-0.705300658718092,"Logistic"
"311","Stenotrophomonas.maltophilia.2_TSB_15_1_0",73.0270600687771,-0.702668062558405,"Logistic"
"321","Stenotrophomonas.maltophilia.2_TSB_15_1_0",75.4306655263492,-0.700310506163613,"Logistic"
"331","Stenotrophomonas.maltophilia.2_TSB_15_1_0",77.8342709839214,-0.698197738176624,"Logistic"
"341","Stenotrophomonas.maltophilia.2_TSB_15_1_0",80.2378764414935,-0.696303123036136,"Logistic"
"351","Stenotrophomonas.maltophilia.2_TSB_15_1_0",82.6414818990656,-0.694603154779213,"Logistic"
"361","Stenotrophomonas.maltophilia.2_TSB_15_1_0",85.0450873566378,-0.693077046040627,"Logistic"
"371","Stenotrophomonas.maltophilia.2_TSB_15_1_0",87.4486928142099,-0.691706378895289,"Logistic"
"381","Stenotrophomonas.maltophilia.2_TSB_15_1_0",89.852298271782,-0.690474806860204,"Logistic"
"391","Stenotrophomonas.maltophilia.2_TSB_15_1_0",92.2559037293541,-0.689367799454478,"Logistic"
"401","Stenotrophomonas.maltophilia.2_TSB_15_1_0",94.6595091869263,-0.688372422350363,"Logistic"
"411","Stenotrophomonas.maltophilia.2_TSB_15_1_0",97.0631146444984,-0.687477147439474,"Logistic"
"421","Stenotrophomonas.maltophilia.2_TSB_15_1_0",99.4667201020705,-0.686671688164459,"Logistic"
"431","Stenotrophomonas.maltophilia.2_TSB_15_1_0",101.870325559643,-0.685946856286697,"Logistic"
"441","Stenotrophomonas.maltophilia.2_TSB_15_1_0",104.273931017215,-0.685294436919903,"Logistic"
"451","Stenotrophomonas.maltophilia.2_TSB_15_1_0",106.677536474787,-0.684707079192325,"Logistic"
"461","Stenotrophomonas.maltophilia.2_TSB_15_1_0",109.081141932359,-0.684178200333027,"Logistic"
"471","Stenotrophomonas.maltophilia.2_TSB_15_1_0",111.484747389931,-0.683701901331004,"Logistic"
"481","Stenotrophomonas.maltophilia.2_TSB_15_1_0",113.888352847503,-0.683272892605704,"Logistic"
"491","Stenotrophomonas.maltophilia.2_TSB_15_1_0",116.291958305075,-0.68288642836634,"Logistic"
"501","Stenotrophomonas.maltophilia.2_TSB_15_1_0",118.695563762648,-0.682538248535106,"Logistic"
"511","Stenotrophomonas.maltophilia.2_TSB_15_1_0",121.09916922022,-0.682224527273842,"Logistic"
"521","Stenotrophomonas.maltophilia.2_TSB_15_1_0",123.502774677792,-0.681941827290992,"Logistic"
"531","Stenotrophomonas.maltophilia.2_TSB_15_1_0",125.906380135364,-0.681687059220897,"Logistic"
"541","Stenotrophomonas.maltophilia.2_TSB_15_1_0",128.309985592936,-0.681457445464409,"Logistic"
"551","Stenotrophomonas.maltophilia.2_TSB_15_1_0",130.713591050508,-0.68125048796186,"Logistic"
"561","Stenotrophomonas.maltophilia.2_TSB_15_1_0",133.11719650808,-0.681063939438953,"Logistic"
"571","Stenotrophomonas.maltophilia.2_TSB_15_1_0",135.520801965652,-0.68089577772549,"Logistic"
"581","Stenotrophomonas.maltophilia.2_TSB_15_1_0",137.924407423225,-0.680744182797488,"Logistic"
"591","Stenotrophomonas.maltophilia.2_TSB_15_1_0",140.328012880797,-0.680607516236747,"Logistic"
"601","Stenotrophomonas.maltophilia.2_TSB_15_1_0",142.731618338369,-0.68048430283937,"Logistic"
"611","Stenotrophomonas.maltophilia.2_TSB_15_1_0",145.135223795941,-0.680373214137052,"Logistic"
"621","Stenotrophomonas.maltophilia.2_TSB_15_1_0",147.538829253513,-0.680273053622952,"Logistic"
"631","Stenotrophomonas.maltophilia.2_TSB_15_1_0",149.942434711085,-0.680182743498314,"Logistic"
"641","Stenotrophomonas.maltophilia.2_TSB_15_1_0",152.346040168657,-0.680101312777167,"Logistic"
"651","Stenotrophomonas.maltophilia.2_TSB_15_1_0",154.74964562623,-0.680027886604958,"Logistic"
"661","Stenotrophomonas.maltophilia.2_TSB_15_1_0",157.153251083802,-0.679961676663177,"Logistic"
"671","Stenotrophomonas.maltophilia.2_TSB_15_1_0",159.556856541374,-0.679901972546266,"Logistic"
"681","Stenotrophomonas.maltophilia.2_TSB_15_1_0",161.960461998946,-0.679848134009591,"Logistic"
"691","Stenotrophomonas.maltophilia.2_TSB_15_1_0",164.364067456518,-0.679799583998312,"Logistic"
"701","Stenotrophomonas.maltophilia.2_TSB_15_1_0",166.76767291409,-0.679755802376703,"Logistic"
"711","Stenotrophomonas.maltophilia.2_TSB_15_1_0",169.171278371662,-0.679716320286094,"Logistic"
"721","Stenotrophomonas.maltophilia.2_TSB_15_1_0",171.574883829234,-0.679680715067239,"Logistic"
"731","Stenotrophomonas.maltophilia.2_TSB_15_1_0",173.978489286807,-0.679648605689688,"Logistic"
"741","Stenotrophomonas.maltophilia.2_TSB_15_1_0",176.382094744379,-0.679619648636757,"Logistic"
"751","Stenotrophomonas.maltophilia.2_TSB_15_1_0",178.785700201951,-0.679593534200051,"Logistic"
"761","Stenotrophomonas.maltophilia.2_TSB_15_1_0",181.189305659523,-0.679569983142254,"Logistic"
"771","Stenotrophomonas.maltophilia.2_TSB_15_1_0",183.592911117095,-0.679548743691176,"Logistic"
"781","Stenotrophomonas.maltophilia.2_TSB_15_1_0",185.996516574667,-0.67952958883183,"Logistic"
"791","Stenotrophomonas.maltophilia.2_TSB_15_1_0",188.400122032239,-0.67951231386671,"Logistic"
"801","Stenotrophomonas.maltophilia.2_TSB_15_1_0",190.803727489811,-0.679496734217481,"Logistic"
"811","Stenotrophomonas.maltophilia.2_TSB_15_1_0",193.207332947384,-0.679482683444015,"Logistic"
"821","Stenotrophomonas.maltophilia.2_TSB_15_1_0",195.610938404956,-0.679470011459122,"Logistic"
"831","Stenotrophomonas.maltophilia.2_TSB_15_1_0",198.014543862528,-0.67945858291954,"Logistic"
"841","Stenotrophomonas.maltophilia.2_TSB_15_1_0",200.4181493201,-0.679448275775665,"Logistic"
"851","Stenotrophomonas.maltophilia.2_TSB_15_1_0",202.821754777672,-0.679438979964285,"Logistic"
"861","Stenotrophomonas.maltophilia.2_TSB_15_1_0",205.225360235244,-0.679430596230166,"Logistic"
"871","Stenotrophomonas.maltophilia.2_TSB_15_1_0",207.628965692816,-0.679423035063706,"Logistic"
"881","Stenotrophomonas.maltophilia.2_TSB_15_1_0",210.032571150389,-0.679416215743217,"Logistic"
"891","Stenotrophomonas.maltophilia.2_TSB_15_1_0",212.436176607961,-0.679410065471464,"Logistic"
"901","Stenotrophomonas.maltophilia.2_TSB_15_1_0",214.839782065533,-0.679404518597179,"Logistic"
"911","Stenotrophomonas.maltophilia.2_TSB_15_1_0",217.243387523105,-0.679399515913145,"Logistic"
"921","Stenotrophomonas.maltophilia.2_TSB_15_1_0",219.646992980677,-0.679395004023316,"Logistic"
"931","Stenotrophomonas.maltophilia.2_TSB_15_1_0",222.050598438249,-0.679390934772158,"Logistic"
"941","Stenotrophomonas.maltophilia.2_TSB_15_1_0",224.454203895821,-0.679387264730086,"Logistic"
"951","Stenotrophomonas.maltophilia.2_TSB_15_1_0",226.857809353393,-0.679383954729463,"Logistic"
"961","Stenotrophomonas.maltophilia.2_TSB_15_1_0",229.261414810966,-0.679380969446203,"Logistic"
"971","Stenotrophomonas.maltophilia.2_TSB_15_1_0",231.665020268538,-0.679378277022466,"Logistic"
"981","Stenotrophomonas.maltophilia.2_TSB_15_1_0",234.06862572611,-0.679375848726424,"Logistic"
"991","Stenotrophomonas.maltophilia.2_TSB_15_1_0",236.472231183682,-0.679373658645442,"Logistic"
"1001","Stenotrophomonas.maltophilia.2_TSB_15_1_0",238.875836641254,-0.67937168340938,"Logistic"
"1011","Stenotrophomonas.maltophilia.2_TSB_15_1_0",241.279442098826,-0.67936990194108,"Logistic"
"1021","Stenotrophomonas.maltophilia.2_TSB_15_1_0",243.683047556398,-0.679368295231337,"Logistic"
"1031","Stenotrophomonas.maltophilia.2_TSB_15_1_0",246.08665301397,-0.679366846135968,"Logistic"
"1041","Stenotrophomonas.maltophilia.2_TSB_15_1_0",248.490258471543,-0.679365539192805,"Logistic"
"1051","Stenotrophomonas.maltophilia.2_TSB_15_1_0",250.893863929115,-0.679364360456645,"Logistic"
"1061","Stenotrophomonas.maltophilia.2_TSB_15_1_0",253.297469386687,-0.679363297350403,"Logistic"
"1071","Stenotrophomonas.maltophilia.2_TSB_15_1_0",255.701074844259,-0.679362338530876,"Logistic"
"1081","Stenotrophomonas.maltophilia.2_TSB_15_1_0",258.104680301831,-0.679361473767679,"Logistic"
"1091","Stenotrophomonas.maltophilia.2_TSB_15_1_0",260.508285759403,-0.679360693834058,"Logistic"
"1101","Stenotrophomonas.maltophilia.2_TSB_15_1_0",262.911891216975,-0.679359990408428,"Logistic"
"1111","Stenotrophomonas.maltophilia.2_TSB_15_1_0",265.315496674547,-0.679359355985563,"Logistic"
"1121","Stenotrophomonas.maltophilia.2_TSB_15_1_0",267.71910213212,-0.679358783796502,"Logistic"
"1131","Stenotrophomonas.maltophilia.2_TSB_15_1_0",270.122707589692,-0.679358267736322,"Logistic"
"1141","Stenotrophomonas.maltophilia.2_TSB_15_1_0",272.526313047264,-0.679357802298988,"Logistic"
"1151","Stenotrophomonas.maltophilia.2_TSB_15_1_0",274.929918504836,-0.6793573825186,"Logistic"
"1161","Stenotrophomonas.maltophilia.2_TSB_15_1_0",277.333523962408,-0.679357003916403,"Logistic"
"1171","Stenotrophomonas.maltophilia.2_TSB_15_1_0",279.73712941998,-0.679356662453001,"Logistic"
"1181","Stenotrophomonas.maltophilia.2_TSB_15_1_0",282.140734877552,-0.679356354485249,"Logistic"
"1191","Stenotrophomonas.maltophilia.2_TSB_15_1_0",284.544340335125,-0.679356076727386,"Logistic"
"1201","Stenotrophomonas.maltophilia.2_TSB_15_1_0",286.947945792697,-0.679355826215971,"Logistic"
"1211","Stenotrophomonas.maltophilia.2_TSB_15_1_0",289.351551250269,-0.679355600278268,"Logistic"
"1221","Stenotrophomonas.maltophilia.2_TSB_15_1_0",291.755156707841,-0.679355396503724,"Logistic"
"1231","Stenotrophomonas.maltophilia.2_TSB_15_1_0",294.158762165413,-0.679355212718253,"Logistic"
"1241","Stenotrophomonas.maltophilia.2_TSB_15_1_0",296.562367622985,-0.679355046961036,"Logistic"
"1251","Stenotrophomonas.maltophilia.2_TSB_15_1_0",298.965973080557,-0.679354897463601,"Logistic"
"1261","Stenotrophomonas.maltophilia.2_TSB_15_1_0",301.369578538129,-0.679354762630957,"Logistic"
"1271","Stenotrophomonas.maltophilia.2_TSB_15_1_0",303.773183995702,-0.67935464102457,"Logistic"
"1281","Stenotrophomonas.maltophilia.2_TSB_15_1_0",306.176789453274,-0.679354531347023,"Logistic"
"1291","Stenotrophomonas.maltophilia.2_TSB_15_1_0",308.580394910846,-0.679354432428166,"Logistic"
"1301","Stenotrophomonas.maltophilia.2_TSB_15_1_0",310.984000368418,-0.679354343212634,"Logistic"
"1311","Stenotrophomonas.maltophilia.2_TSB_15_1_0",313.38760582599,-0.679354262748591,"Logistic"
"1321","Stenotrophomonas.maltophilia.2_TSB_15_1_0",315.791211283562,-0.679354190177568,"Logistic"
"1331","Stenotrophomonas.maltophilia.2_TSB_15_1_0",318.194816741134,-0.679354124725306,"Logistic"
"1341","Stenotrophomonas.maltophilia.2_TSB_15_1_0",320.598422198706,-0.679354065693501,"Logistic"
"1351","Stenotrophomonas.maltophilia.2_TSB_15_1_0",323.002027656279,-0.679354012452343,"Logistic"
"1361","Stenotrophomonas.maltophilia.2_TSB_15_1_0",325.405633113851,-0.679353964433806,"Logistic"
"1371","Stenotrophomonas.maltophilia.2_TSB_15_1_0",327.809238571423,-0.679353921125584,"Logistic"
"1381","Stenotrophomonas.maltophilia.2_TSB_15_1_0",330.212844028995,-0.679353882065623,"Logistic"
"1391","Stenotrophomonas.maltophilia.2_TSB_15_1_0",332.616449486567,-0.679353846837196,"Logistic"
"1401","Stenotrophomonas.maltophilia.2_TSB_15_1_0",335.020054944139,-0.679353815064454,"Logistic"
"1411","Stenotrophomonas.maltophilia.2_TSB_15_1_0",337.423660401711,-0.679353786408416,"Logistic"
"1421","Stenotrophomonas.maltophilia.2_TSB_15_1_0",339.827265859284,-0.679353760563351,"Logistic"
"1431","Stenotrophomonas.maltophilia.2_TSB_15_1_0",342.230871316856,-0.679353737253523,"Logistic"
"1441","Stenotrophomonas.maltophilia.2_TSB_15_1_0",344.634476774428,-0.67935371623024,"Logistic"
"1451","Stenotrophomonas.maltophilia.2_TSB_15_1_0",347.038082232,-0.679353697269206,"Logistic"
"1461","Stenotrophomonas.maltophilia.2_TSB_15_1_0",349.441687689572,-0.679353680168128,"Logistic"
"1471","Stenotrophomonas.maltophilia.2_TSB_15_1_0",351.845293147144,-0.679353664744556,"Logistic"
"1481","Stenotrophomonas.maltophilia.2_TSB_15_1_0",354.248898604716,-0.679353650833938,"Logistic"
"1491","Stenotrophomonas.maltophilia.2_TSB_15_1_0",356.652504062288,-0.679353638287862,"Logistic"
"1501","Stenotrophomonas.maltophilia.2_TSB_15_1_0",359.056109519861,-0.679353626972476,"Logistic"
"1511","Stenotrophomonas.maltophilia.2_TSB_15_1_0",361.459714977433,-0.679353616767056,"Logistic"
"1521","Stenotrophomonas.maltophilia.2_TSB_15_1_0",363.863320435005,-0.679353607562722,"Logistic"
"1531","Stenotrophomonas.maltophilia.2_TSB_15_1_0",366.266925892577,-0.679353599261275,"Logistic"
"1541","Stenotrophomonas.maltophilia.2_TSB_15_1_0",368.670531350149,-0.679353591774145,"Logistic"
"1551","Stenotrophomonas.maltophilia.2_TSB_15_1_0",371.074136807721,-0.679353585021456,"Logistic"
"1561","Stenotrophomonas.maltophilia.2_TSB_15_1_0",373.477742265293,-0.679353578931161,"Logistic"
"1571","Stenotrophomonas.maltophilia.2_TSB_15_1_0",375.881347722865,-0.679353573438285,"Logistic"
"1581","Stenotrophomonas.maltophilia.2_TSB_15_1_0",378.284953180438,-0.679353568484225,"Logistic"
"1591","Stenotrophomonas.maltophilia.2_TSB_15_1_0",380.68855863801,-0.679353564016127,"Logistic"
"1601","Stenotrophomonas.maltophilia.2_TSB_15_1_0",383.092164095582,-0.67935355998632,"Logistic"
"1611","Stenotrophomonas.maltophilia.2_TSB_15_1_0",385.495769553154,-0.679353556351811,"Logistic"
"1621","Stenotrophomonas.maltophilia.2_TSB_15_1_0",387.899375010726,-0.679353553073824,"Logistic"
"1631","Stenotrophomonas.maltophilia.2_TSB_15_1_0",390.302980468298,-0.679353550117386,"Logistic"
"1641","Stenotrophomonas.maltophilia.2_TSB_15_1_0",392.70658592587,-0.679353547450956,"Logistic"
"1651","Stenotrophomonas.maltophilia.2_TSB_15_1_0",395.110191383442,-0.679353545046086,"Logistic"
"1661","Stenotrophomonas.maltophilia.2_TSB_15_1_0",397.513796841015,-0.679353542877117,"Logistic"
"1671","Stenotrophomonas.maltophilia.2_TSB_15_1_0",399.917402298587,-0.679353540920911,"Logistic"
"1681","Stenotrophomonas.maltophilia.2_TSB_15_1_0",402.321007756159,-0.679353539156596,"Logistic"
"1691","Stenotrophomonas.maltophilia.2_TSB_15_1_0",404.724613213731,-0.679353537565349,"Logistic"
"1701","Stenotrophomonas.maltophilia.2_TSB_15_1_0",407.128218671303,-0.679353536130192,"Logistic"
"1711","Stenotrophomonas.maltophilia.2_TSB_15_1_0",409.531824128875,-0.679353534835816,"Logistic"
"1721","Stenotrophomonas.maltophilia.2_TSB_15_1_0",411.935429586447,-0.679353533668409,"Logistic"
"1731","Stenotrophomonas.maltophilia.2_TSB_15_1_0",414.33903504402,-0.679353532615518,"Logistic"
"1741","Stenotrophomonas.maltophilia.2_TSB_15_1_0",416.742640501592,-0.679353531665908,"Logistic"
"1751","Stenotrophomonas.maltophilia.2_TSB_15_1_0",419.146245959164,-0.679353530809449,"Logistic"
"1761","Stenotrophomonas.maltophilia.2_TSB_15_1_0",421.549851416736,-0.679353530037003,"Logistic"
"1771","Stenotrophomonas.maltophilia.2_TSB_15_1_0",423.953456874308,-0.679353529340329,"Logistic"
"1781","Stenotrophomonas.maltophilia.2_TSB_15_1_0",426.35706233188,-0.679353528711994,"Logistic"
"1791","Stenotrophomonas.maltophilia.2_TSB_15_1_0",428.760667789452,-0.679353528145295,"Logistic"
"1801","Stenotrophomonas.maltophilia.2_TSB_15_1_0",431.164273247024,-0.679353527634185,"Logistic"
"1811","Stenotrophomonas.maltophilia.2_TSB_15_1_0",433.567878704597,-0.679353527173212,"Logistic"
"1821","Stenotrophomonas.maltophilia.2_TSB_15_1_0",435.971484162169,-0.679353526757457,"Logistic"
"1831","Stenotrophomonas.maltophilia.2_TSB_15_1_0",438.375089619741,-0.679353526382486,"Logistic"
"1841","Stenotrophomonas.maltophilia.2_TSB_15_1_0",440.778695077313,-0.679353526044296,"Logistic"
"1851","Stenotrophomonas.maltophilia.2_TSB_15_1_0",443.182300534885,-0.679353525739281,"Logistic"
"1861","Stenotrophomonas.maltophilia.2_TSB_15_1_0",445.585905992457,-0.679353525464186,"Logistic"
"1871","Stenotrophomonas.maltophilia.2_TSB_15_1_0",447.989511450029,-0.679353525216076,"Logistic"
"1881","Stenotrophomonas.maltophilia.2_TSB_15_1_0",450.393116907601,-0.679353524992304,"Logistic"
"1891","Stenotrophomonas.maltophilia.2_TSB_15_1_0",452.796722365174,-0.679353524790482,"Logistic"
"1901","Stenotrophomonas.maltophilia.2_TSB_15_1_0",455.200327822746,-0.679353524608458,"Logistic"
"1911","Stenotrophomonas.maltophilia.2_TSB_15_1_0",457.603933280318,-0.679353524444289,"Logistic"
"1921","Stenotrophomonas.maltophilia.2_TSB_15_1_0",460.00753873789,-0.679353524296224,"Logistic"
"1931","Stenotrophomonas.maltophilia.2_TSB_15_1_0",462.411144195462,-0.679353524162683,"Logistic"
"1941","Stenotrophomonas.maltophilia.2_TSB_15_1_0",464.814749653034,-0.679353524042242,"Logistic"
"1951","Stenotrophomonas.maltophilia.2_TSB_15_1_0",467.218355110606,-0.679353523933616,"Logistic"
"1961","Stenotrophomonas.maltophilia.2_TSB_15_1_0",469.621960568179,-0.679353523835645,"Logistic"
"1971","Stenotrophomonas.maltophilia.2_TSB_15_1_0",472.025566025751,-0.679353523747284,"Logistic"
"1981","Stenotrophomonas.maltophilia.2_TSB_15_1_0",474.429171483323,-0.67935352366759,"Logistic"
"1991","Stenotrophomonas.maltophilia.2_TSB_15_1_0",476.832776940895,-0.679353523595715,"Logistic"
"2001","Stenotrophomonas.maltophilia.2_TSB_15_1_0",479.236382398467,-0.67935352353089,"Logistic"
"1102","Stenotrophomonas.maltophilia.2_TSB_15_1_0",0.91889634161322,-2.51040144895251,"Logisticlag"
"212","Stenotrophomonas.maltophilia.2_TSB_15_1_0",3.32250179918535,-2.10830902924886,"Logisticlag"
"312","Stenotrophomonas.maltophilia.2_TSB_15_1_0",5.72610725675748,-1.79484102324045,"Logisticlag"
"412","Stenotrophomonas.maltophilia.2_TSB_15_1_0",8.12971271432961,-1.5504905405453,"Logisticlag"
"512","Stenotrophomonas.maltophilia.2_TSB_15_1_0",10.5333181719017,-1.36003383543652,"Logisticlag"
"612","Stenotrophomonas.maltophilia.2_TSB_15_1_0",12.9369236294739,-1.21159396746179,"Logisticlag"
"712","Stenotrophomonas.maltophilia.2_TSB_15_1_0",15.340529087046,-1.09590753550992,"Logisticlag"
"812","Stenotrophomonas.maltophilia.2_TSB_15_1_0",17.7441345446181,-1.00575108263638,"Logisticlag"
"912","Stenotrophomonas.maltophilia.2_TSB_15_1_0",20.1477400021903,-0.935492790947364,"Logisticlag"
"1012","Stenotrophomonas.maltophilia.2_TSB_15_1_0",22.5513454597624,-0.880742334917841,"Logisticlag"
"1112","Stenotrophomonas.maltophilia.2_TSB_15_1_0",24.9549509173345,-0.838077543734471,"Logisticlag"
"1212","Stenotrophomonas.maltophilia.2_TSB_15_1_0",27.3585563749066,-0.804831110319583,"Logisticlag"
"1312","Stenotrophomonas.maltophilia.2_TSB_15_1_0",29.7621618324788,-0.77892420861599,"Logisticlag"
"1412","Stenotrophomonas.maltophilia.2_TSB_15_1_0",32.1657672900509,-0.758736734705053,"Logisticlag"
"1512","Stenotrophomonas.maltophilia.2_TSB_15_1_0",34.569372747623,-0.743006129570176,"Logisticlag"
"1612","Stenotrophomonas.maltophilia.2_TSB_15_1_0",36.9729782051952,-0.730748499669971,"Logisticlag"
"1712","Stenotrophomonas.maltophilia.2_TSB_15_1_0",39.3765836627673,-0.721197128390713,"Logisticlag"
"1812","Stenotrophomonas.maltophilia.2_TSB_15_1_0",41.7801891203394,-0.713754548467705,"Logisticlag"
"1912","Stenotrophomonas.maltophilia.2_TSB_15_1_0",44.1837945779116,-0.707955187216385,"Logisticlag"
"202","Stenotrophomonas.maltophilia.2_TSB_15_1_0",46.5874000354837,-0.703436253805648,"Logisticlag"
"213","Stenotrophomonas.maltophilia.2_TSB_15_1_0",48.9910054930558,-0.69991505100711,"Logisticlag"
"222","Stenotrophomonas.maltophilia.2_TSB_15_1_0",51.3946109506279,-0.697171294276586,"Logisticlag"
"232","Stenotrophomonas.maltophilia.2_TSB_15_1_0",53.7982164082001,-0.695033333402762,"Logisticlag"
"242","Stenotrophomonas.maltophilia.2_TSB_15_1_0",56.2018218657722,-0.693367415558669,"Logisticlag"
"252","Stenotrophomonas.maltophilia.2_TSB_15_1_0",58.6054273233443,-0.692069318531139,"Logisticlag"
"262","Stenotrophomonas.maltophilia.2_TSB_15_1_0",61.0090327809165,-0.691057830997124,"Logisticlag"
"272","Stenotrophomonas.maltophilia.2_TSB_15_1_0",63.4126382384886,-0.690269672138356,"Logisticlag"
"282","Stenotrophomonas.maltophilia.2_TSB_15_1_0",65.8162436960607,-0.689655532868301,"Logisticlag"
"292","Stenotrophomonas.maltophilia.2_TSB_15_1_0",68.2198491536329,-0.689176991063505,"Logisticlag"
"302","Stenotrophomonas.maltophilia.2_TSB_15_1_0",70.623454611205,-0.688804107856186,"Logisticlag"
"313","Stenotrophomonas.maltophilia.2_TSB_15_1_0",73.0270600687771,-0.688513554623569,"Logisticlag"
"322","Stenotrophomonas.maltophilia.2_TSB_15_1_0",75.4306655263492,-0.688287153512647,"Logisticlag"
"332","Stenotrophomonas.maltophilia.2_TSB_15_1_0",77.8342709839214,-0.688110740197544,"Logisticlag"
"342","Stenotrophomonas.maltophilia.2_TSB_15_1_0",80.2378764414935,-0.687973277727451,"Logisticlag"
"352","Stenotrophomonas.maltophilia.2_TSB_15_1_0",82.6414818990656,-0.687866166030062,"Logisticlag"
"362","Stenotrophomonas.maltophilia.2_TSB_15_1_0",85.0450873566378,-0.687782703864514,"Logisticlag"
"372","Stenotrophomonas.maltophilia.2_TSB_15_1_0",87.4486928142099,-0.687717669578205,"Logisticlag"
"382","Stenotrophomonas.maltophilia.2_TSB_15_1_0",89.852298271782,-0.687666994421534,"Logisticlag"
"392","Stenotrophomonas.maltophilia.2_TSB_15_1_0",92.2559037293541,-0.687627507996694,"Logisticlag"
"402","Stenotrophomonas.maltophilia.2_TSB_15_1_0",94.6595091869263,-0.687596739907349,"Logisticlag"
"413","Stenotrophomonas.maltophilia.2_TSB_15_1_0",97.0631146444984,-0.687572765205232,"Logisticlag"
"422","Stenotrophomonas.maltophilia.2_TSB_15_1_0",99.4667201020705,-0.68755408395532,"Logisticlag"
"432","Stenotrophomonas.maltophilia.2_TSB_15_1_0",101.870325559643,-0.687539527399622,"Logisticlag"
"442","Stenotrophomonas.maltophilia.2_TSB_15_1_0",104.273931017215,-0.687528184833582,"Logisticlag"
"452","Stenotrophomonas.maltophilia.2_TSB_15_1_0",106.677536474787,-0.68751934662987,"Logisticlag"
"462","Stenotrophomonas.maltophilia.2_TSB_15_1_0",109.081141932359,-0.687512459841855,"Logisticlag"
"472","Stenotrophomonas.maltophilia.2_TSB_15_1_0",111.484747389931,-0.68750709361052,"Logisticlag"
"482","Stenotrophomonas.maltophilia.2_TSB_15_1_0",113.888352847503,-0.687502912207037,"Logisticlag"
"492","Stenotrophomonas.maltophilia.2_TSB_15_1_0",116.291958305075,-0.687499654029125,"Logisticlag"
"502","Stenotrophomonas.maltophilia.2_TSB_15_1_0",118.695563762648,-0.687497115235146,"Logisticlag"
"513","Stenotrophomonas.maltophilia.2_TSB_15_1_0",121.09916922022,-0.68749513698981,"Logisticlag"
"522","Stenotrophomonas.maltophilia.2_TSB_15_1_0",123.502774677792,-0.687493595527712,"Logisticlag"
"532","Stenotrophomonas.maltophilia.2_TSB_15_1_0",125.906380135364,-0.687492394410128,"Logisticlag"
"542","Stenotrophomonas.maltophilia.2_TSB_15_1_0",128.309985592936,-0.687491458491195,"Logisticlag"
"552","Stenotrophomonas.maltophilia.2_TSB_15_1_0",130.713591050508,-0.687490729216961,"Logisticlag"
"562","Stenotrophomonas.maltophilia.2_TSB_15_1_0",133.11719650808,-0.687490160961715,"Logisticlag"
"572","Stenotrophomonas.maltophilia.2_TSB_15_1_0",135.520801965652,-0.687489718173083,"Logisticlag"
"582","Stenotrophomonas.maltophilia.2_TSB_15_1_0",137.924407423225,-0.687489373149447,"Logisticlag"
"592","Stenotrophomonas.maltophilia.2_TSB_15_1_0",140.328012880797,-0.687489104304632,"Logisticlag"
"602","Stenotrophomonas.maltophilia.2_TSB_15_1_0",142.731618338369,-0.687488894819126,"Logisticlag"
"613","Stenotrophomonas.maltophilia.2_TSB_15_1_0",145.135223795941,-0.687488731586427,"Logisticlag"
"622","Stenotrophomonas.maltophilia.2_TSB_15_1_0",147.538829253513,-0.687488604394275,"Logisticlag"
"632","Stenotrophomonas.maltophilia.2_TSB_15_1_0",149.942434711085,-0.687488505285501,"Logisticlag"
"642","Stenotrophomonas.maltophilia.2_TSB_15_1_0",152.346040168657,-0.687488428059396,"Logisticlag"
"652","Stenotrophomonas.maltophilia.2_TSB_15_1_0",154.74964562623,-0.687488367883816,"Logisticlag"
"662","Stenotrophomonas.maltophilia.2_TSB_15_1_0",157.153251083802,-0.687488320995044,"Logisticlag"
"672","Stenotrophomonas.maltophilia.2_TSB_15_1_0",159.556856541374,-0.687488284458823,"Logisticlag"
"682","Stenotrophomonas.maltophilia.2_TSB_15_1_0",161.960461998946,-0.68748825598982,"Logisticlag"
"692","Stenotrophomonas.maltophilia.2_TSB_15_1_0",164.364067456518,-0.687488233806334,"Logisticlag"
"702","Stenotrophomonas.maltophilia.2_TSB_15_1_0",166.76767291409,-0.687488216520705,"Logisticlag"
"713","Stenotrophomonas.maltophilia.2_TSB_15_1_0",169.171278371662,-0.687488203051771,"Logisticlag"
"722","Stenotrophomonas.maltophilia.2_TSB_15_1_0",171.574883829234,-0.687488192556657,"Logisticlag"
"732","Stenotrophomonas.maltophilia.2_TSB_15_1_0",173.978489286807,-0.687488184378935,"Logisticlag"
"742","Stenotrophomonas.maltophilia.2_TSB_15_1_0",176.382094744379,-0.687488178006561,"Logisticlag"
"752","Stenotrophomonas.maltophilia.2_TSB_15_1_0",178.785700201951,-0.687488173041402,"Logisticlag"
"762","Stenotrophomonas.maltophilia.2_TSB_15_1_0",181.189305659523,-0.687488169172411,"Logisticlag"
"772","Stenotrophomonas.maltophilia.2_TSB_15_1_0",183.592911117095,-0.687488166157436,"Logisticlag"
"782","Stenotrophomonas.maltophilia.2_TSB_15_1_0",185.996516574667,-0.687488163808212,"Logisticlag"
"792","Stenotrophomonas.maltophilia.2_TSB_15_1_0",188.400122032239,-0.687488161977853,"Logisticlag"
"802","Stenotrophomonas.maltophilia.2_TSB_15_1_0",190.803727489811,-0.687488160551766,"Logisticlag"
"813","Stenotrophomonas.maltophilia.2_TSB_15_1_0",193.207332947384,-0.687488159440136,"Logisticlag"
"822","Stenotrophomonas.maltophilia.2_TSB_15_1_0",195.610938404956,-0.687488158574297,"Logisticlag"
"832","Stenotrophomonas.maltophilia.2_TSB_15_1_0",198.014543862528,-0.687488157899452,"Logisticlag"
"842","Stenotrophomonas.maltophilia.2_TSB_15_1_0",200.4181493201,-0.687488157373764,"Logisticlag"
"852","Stenotrophomonas.maltophilia.2_TSB_15_1_0",202.821754777672,-0.687488156964037,"Logisticlag"
"862","Stenotrophomonas.maltophilia.2_TSB_15_1_0",205.225360235244,-0.687488156644804,"Logisticlag"
"872","Stenotrophomonas.maltophilia.2_TSB_15_1_0",207.628965692816,-0.687488156396057,"Logisticlag"
"882","Stenotrophomonas.maltophilia.2_TSB_15_1_0",210.032571150389,-0.687488156202335,"Logisticlag"
"892","Stenotrophomonas.maltophilia.2_TSB_15_1_0",212.436176607961,-0.687488156051131,"Logisticlag"
"902","Stenotrophomonas.maltophilia.2_TSB_15_1_0",214.839782065533,-0.687488155933579,"Logisticlag"
"913","Stenotrophomonas.maltophilia.2_TSB_15_1_0",217.243387523105,-0.687488155841947,"Logisticlag"
"922","Stenotrophomonas.maltophilia.2_TSB_15_1_0",219.646992980677,-0.687488155770552,"Logisticlag"
"932","Stenotrophomonas.maltophilia.2_TSB_15_1_0",222.050598438249,-0.687488155714846,"Logisticlag"
"942","Stenotrophomonas.maltophilia.2_TSB_15_1_0",224.454203895821,-0.687488155671417,"Logisticlag"
"952","Stenotrophomonas.maltophilia.2_TSB_15_1_0",226.857809353393,-0.687488155637539,"Logisticlag"
"962","Stenotrophomonas.maltophilia.2_TSB_15_1_0",229.261414810966,-0.687488155611163,"Logisticlag"
"972","Stenotrophomonas.maltophilia.2_TSB_15_1_0",231.665020268538,-0.687488155590472,"Logisticlag"
"982","Stenotrophomonas.maltophilia.2_TSB_15_1_0",234.06862572611,-0.687488155574556,"Logisticlag"
"992","Stenotrophomonas.maltophilia.2_TSB_15_1_0",236.472231183682,-0.687488155562278,"Logisticlag"
"1002","Stenotrophomonas.maltophilia.2_TSB_15_1_0",238.875836641254,-0.687488155552273,"Logisticlag"
"1013","Stenotrophomonas.maltophilia.2_TSB_15_1_0",241.279442098826,-0.68748815554477,"Logisticlag"
"1022","Stenotrophomonas.maltophilia.2_TSB_15_1_0",243.683047556398,-0.687488155539086,"Logisticlag"
"1032","Stenotrophomonas.maltophilia.2_TSB_15_1_0",246.08665301397,-0.687488155534311,"Logisticlag"
"1042","Stenotrophomonas.maltophilia.2_TSB_15_1_0",248.490258471543,-0.687488155530673,"Logisticlag"
"1052","Stenotrophomonas.maltophilia.2_TSB_15_1_0",250.893863929115,-0.687488155528172,"Logisticlag"
"1062","Stenotrophomonas.maltophilia.2_TSB_15_1_0",253.297469386687,-0.687488155525898,"Logisticlag"
"1072","Stenotrophomonas.maltophilia.2_TSB_15_1_0",255.701074844259,-0.687488155524306,"Logisticlag"
"1082","Stenotrophomonas.maltophilia.2_TSB_15_1_0",258.104680301831,-0.687488155522715,"Logisticlag"
"1092","Stenotrophomonas.maltophilia.2_TSB_15_1_0",260.508285759403,-0.687488155521805,"Logisticlag"
"1103","Stenotrophomonas.maltophilia.2_TSB_15_1_0",262.911891216975,-0.687488155521123,"Logisticlag"
"1113","Stenotrophomonas.maltophilia.2_TSB_15_1_0",265.315496674547,-0.687488155520441,"Logisticlag"
"1122","Stenotrophomonas.maltophilia.2_TSB_15_1_0",267.71910213212,-0.687488155519759,"Logisticlag"
"1132","Stenotrophomonas.maltophilia.2_TSB_15_1_0",270.122707589692,-0.687488155519532,"Logisticlag"
"1142","Stenotrophomonas.maltophilia.2_TSB_15_1_0",272.526313047264,-0.687488155519077,"Logisticlag"
"1152","Stenotrophomonas.maltophilia.2_TSB_15_1_0",274.929918504836,-0.687488155519077,"Logisticlag"
"1162","Stenotrophomonas.maltophilia.2_TSB_15_1_0",277.333523962408,-0.687488155518849,"Logisticlag"
"1172","Stenotrophomonas.maltophilia.2_TSB_15_1_0",279.73712941998,-0.687488155518849,"Logisticlag"
"1182","Stenotrophomonas.maltophilia.2_TSB_15_1_0",282.140734877552,-0.687488155518395,"Logisticlag"
"1192","Stenotrophomonas.maltophilia.2_TSB_15_1_0",284.544340335125,-0.687488155518395,"Logisticlag"
"1202","Stenotrophomonas.maltophilia.2_TSB_15_1_0",286.947945792697,-0.687488155518395,"Logisticlag"
"1213","Stenotrophomonas.maltophilia.2_TSB_15_1_0",289.351551250269,-0.687488155518395,"Logisticlag"
"1222","Stenotrophomonas.maltophilia.2_TSB_15_1_0",291.755156707841,-0.687488155518167,"Logisticlag"
"1232","Stenotrophomonas.maltophilia.2_TSB_15_1_0",294.158762165413,-0.687488155518167,"Logisticlag"
"1242","Stenotrophomonas.maltophilia.2_TSB_15_1_0",296.562367622985,-0.687488155518167,"Logisticlag"
"1252","Stenotrophomonas.maltophilia.2_TSB_15_1_0",298.965973080557,-0.687488155518167,"Logisticlag"
"1262","Stenotrophomonas.maltophilia.2_TSB_15_1_0",301.369578538129,-0.687488155518167,"Logisticlag"
"1272","Stenotrophomonas.maltophilia.2_TSB_15_1_0",303.773183995702,-0.687488155518167,"Logisticlag"
"1282","Stenotrophomonas.maltophilia.2_TSB_15_1_0",306.176789453274,-0.687488155518167,"Logisticlag"
"1292","Stenotrophomonas.maltophilia.2_TSB_15_1_0",308.580394910846,-0.687488155518167,"Logisticlag"
"1302","Stenotrophomonas.maltophilia.2_TSB_15_1_0",310.984000368418,-0.687488155518167,"Logisticlag"
"1313","Stenotrophomonas.maltophilia.2_TSB_15_1_0",313.38760582599,-0.687488155518167,"Logisticlag"
"1322","Stenotrophomonas.maltophilia.2_TSB_15_1_0",315.791211283562,-0.687488155518167,"Logisticlag"
"1332","Stenotrophomonas.maltophilia.2_TSB_15_1_0",318.194816741134,-0.687488155518167,"Logisticlag"
"1342","Stenotrophomonas.maltophilia.2_TSB_15_1_0",320.598422198706,-0.687488155518167,"Logisticlag"
"1352","Stenotrophomonas.maltophilia.2_TSB_15_1_0",323.002027656279,-0.687488155518167,"Logisticlag"
"1362","Stenotrophomonas.maltophilia.2_TSB_15_1_0",325.405633113851,-0.687488155518167,"Logisticlag"
"1372","Stenotrophomonas.maltophilia.2_TSB_15_1_0",327.809238571423,-0.687488155518167,"Logisticlag"
"1382","Stenotrophomonas.maltophilia.2_TSB_15_1_0",330.212844028995,-0.687488155518167,"Logisticlag"
"1392","Stenotrophomonas.maltophilia.2_TSB_15_1_0",332.616449486567,-0.687488155518167,"Logisticlag"
"1402","Stenotrophomonas.maltophilia.2_TSB_15_1_0",335.020054944139,-0.687488155518167,"Logisticlag"
"1413","Stenotrophomonas.maltophilia.2_TSB_15_1_0",337.423660401711,-0.687488155518167,"Logisticlag"
"1422","Stenotrophomonas.maltophilia.2_TSB_15_1_0",339.827265859284,-0.687488155518167,"Logisticlag"
"1432","Stenotrophomonas.maltophilia.2_TSB_15_1_0",342.230871316856,-0.687488155518167,"Logisticlag"
"1442","Stenotrophomonas.maltophilia.2_TSB_15_1_0",344.634476774428,-0.687488155518167,"Logisticlag"
"1452","Stenotrophomonas.maltophilia.2_TSB_15_1_0",347.038082232,-0.687488155518167,"Logisticlag"
"1462","Stenotrophomonas.maltophilia.2_TSB_15_1_0",349.441687689572,-0.687488155518167,"Logisticlag"
"1472","Stenotrophomonas.maltophilia.2_TSB_15_1_0",351.845293147144,-0.687488155518167,"Logisticlag"
"1482","Stenotrophomonas.maltophilia.2_TSB_15_1_0",354.248898604716,-0.687488155518167,"Logisticlag"
"1492","Stenotrophomonas.maltophilia.2_TSB_15_1_0",356.652504062288,-0.687488155518167,"Logisticlag"
"1502","Stenotrophomonas.maltophilia.2_TSB_15_1_0",359.056109519861,-0.687488155518167,"Logisticlag"
"1513","Stenotrophomonas.maltophilia.2_TSB_15_1_0",361.459714977433,-0.687488155518167,"Logisticlag"
"1522","Stenotrophomonas.maltophilia.2_TSB_15_1_0",363.863320435005,-0.687488155518167,"Logisticlag"
"1532","Stenotrophomonas.maltophilia.2_TSB_15_1_0",366.266925892577,-0.687488155518167,"Logisticlag"
"1542","Stenotrophomonas.maltophilia.2_TSB_15_1_0",368.670531350149,-0.687488155518167,"Logisticlag"
"1552","Stenotrophomonas.maltophilia.2_TSB_15_1_0",371.074136807721,-0.687488155518167,"Logisticlag"
"1562","Stenotrophomonas.maltophilia.2_TSB_15_1_0",373.477742265293,-0.687488155518167,"Logisticlag"
"1572","Stenotrophomonas.maltophilia.2_TSB_15_1_0",375.881347722865,-0.687488155518167,"Logisticlag"
"1582","Stenotrophomonas.maltophilia.2_TSB_15_1_0",378.284953180438,-0.687488155518167,"Logisticlag"
"1592","Stenotrophomonas.maltophilia.2_TSB_15_1_0",380.68855863801,-0.687488155518167,"Logisticlag"
"1602","Stenotrophomonas.maltophilia.2_TSB_15_1_0",383.092164095582,-0.687488155518167,"Logisticlag"
"1613","Stenotrophomonas.maltophilia.2_TSB_15_1_0",385.495769553154,-0.687488155518167,"Logisticlag"
"1622","Stenotrophomonas.maltophilia.2_TSB_15_1_0",387.899375010726,-0.687488155518167,"Logisticlag"
"1632","Stenotrophomonas.maltophilia.2_TSB_15_1_0",390.302980468298,-0.687488155518167,"Logisticlag"
"1642","Stenotrophomonas.maltophilia.2_TSB_15_1_0",392.70658592587,-0.687488155518167,"Logisticlag"
"1652","Stenotrophomonas.maltophilia.2_TSB_15_1_0",395.110191383442,-0.687488155518167,"Logisticlag"
"1662","Stenotrophomonas.maltophilia.2_TSB_15_1_0",397.513796841015,-0.687488155518167,"Logisticlag"
"1672","Stenotrophomonas.maltophilia.2_TSB_15_1_0",399.917402298587,-0.687488155518167,"Logisticlag"
"1682","Stenotrophomonas.maltophilia.2_TSB_15_1_0",402.321007756159,-0.687488155518167,"Logisticlag"
"1692","Stenotrophomonas.maltophilia.2_TSB_15_1_0",404.724613213731,-0.687488155518167,"Logisticlag"
"1702","Stenotrophomonas.maltophilia.2_TSB_15_1_0",407.128218671303,-0.687488155518167,"Logisticlag"
"1713","Stenotrophomonas.maltophilia.2_TSB_15_1_0",409.531824128875,-0.687488155518167,"Logisticlag"
"1722","Stenotrophomonas.maltophilia.2_TSB_15_1_0",411.935429586447,-0.687488155518167,"Logisticlag"
"1732","Stenotrophomonas.maltophilia.2_TSB_15_1_0",414.33903504402,-0.687488155518167,"Logisticlag"
"1742","Stenotrophomonas.maltophilia.2_TSB_15_1_0",416.742640501592,-0.687488155518167,"Logisticlag"
"1752","Stenotrophomonas.maltophilia.2_TSB_15_1_0",419.146245959164,-0.687488155518167,"Logisticlag"
"1762","Stenotrophomonas.maltophilia.2_TSB_15_1_0",421.549851416736,-0.687488155518167,"Logisticlag"
"1772","Stenotrophomonas.maltophilia.2_TSB_15_1_0",423.953456874308,-0.687488155518167,"Logisticlag"
"1782","Stenotrophomonas.maltophilia.2_TSB_15_1_0",426.35706233188,-0.687488155518167,"Logisticlag"
"1792","Stenotrophomonas.maltophilia.2_TSB_15_1_0",428.760667789452,-0.687488155518167,"Logisticlag"
"1802","Stenotrophomonas.maltophilia.2_TSB_15_1_0",431.164273247024,-0.687488155518167,"Logisticlag"
"1813","Stenotrophomonas.maltophilia.2_TSB_15_1_0",433.567878704597,-0.687488155518167,"Logisticlag"
"1822","Stenotrophomonas.maltophilia.2_TSB_15_1_0",435.971484162169,-0.687488155518167,"Logisticlag"
"1832","Stenotrophomonas.maltophilia.2_TSB_15_1_0",438.375089619741,-0.687488155518167,"Logisticlag"
"1842","Stenotrophomonas.maltophilia.2_TSB_15_1_0",440.778695077313,-0.687488155518167,"Logisticlag"
"1852","Stenotrophomonas.maltophilia.2_TSB_15_1_0",443.182300534885,-0.687488155518167,"Logisticlag"
"1862","Stenotrophomonas.maltophilia.2_TSB_15_1_0",445.585905992457,-0.687488155518167,"Logisticlag"
"1872","Stenotrophomonas.maltophilia.2_TSB_15_1_0",447.989511450029,-0.687488155518167,"Logisticlag"
"1882","Stenotrophomonas.maltophilia.2_TSB_15_1_0",450.393116907601,-0.687488155518167,"Logisticlag"
"1892","Stenotrophomonas.maltophilia.2_TSB_15_1_0",452.796722365174,-0.687488155518167,"Logisticlag"
"1902","Stenotrophomonas.maltophilia.2_TSB_15_1_0",455.200327822746,-0.687488155518167,"Logisticlag"
"1913","Stenotrophomonas.maltophilia.2_TSB_15_1_0",457.603933280318,-0.687488155518167,"Logisticlag"
"1922","Stenotrophomonas.maltophilia.2_TSB_15_1_0",460.00753873789,-0.687488155518167,"Logisticlag"
"1932","Stenotrophomonas.maltophilia.2_TSB_15_1_0",462.411144195462,-0.687488155518167,"Logisticlag"
"1942","Stenotrophomonas.maltophilia.2_TSB_15_1_0",464.814749653034,-0.687488155518167,"Logisticlag"
"1952","Stenotrophomonas.maltophilia.2_TSB_15_1_0",467.218355110606,-0.687488155518167,"Logisticlag"
"1962","Stenotrophomonas.maltophilia.2_TSB_15_1_0",469.621960568179,-0.687488155518167,"Logisticlag"
"1972","Stenotrophomonas.maltophilia.2_TSB_15_1_0",472.025566025751,-0.687488155518167,"Logisticlag"
"1982","Stenotrophomonas.maltophilia.2_TSB_15_1_0",474.429171483323,-0.687488155518167,"Logisticlag"
"1992","Stenotrophomonas.maltophilia.2_TSB_15_1_0",476.832776940895,-0.687488155518167,"Logisticlag"
"2002","Stenotrophomonas.maltophilia.2_TSB_15_1_0",479.236382398467,-0.687488155518167,"Logisticlag"
"1104","Stenotrophomonas.maltophilia.2_TSB_15_1_0",0.91889634161322,-2.51043230372272,"Gompertz"
"214","Stenotrophomonas.maltophilia.2_TSB_15_1_0",3.32250179918535,-2.10834541606664,"Gompertz"
"314","Stenotrophomonas.maltophilia.2_TSB_15_1_0",5.72610725675748,-1.79489448803042,"Gompertz"
"414","Stenotrophomonas.maltophilia.2_TSB_15_1_0",8.12971271432961,-1.55056107558596,"Gompertz"
"514","Stenotrophomonas.maltophilia.2_TSB_15_1_0",10.5333181719017,-1.36011683832544,"Gompertz"
"614","Stenotrophomonas.maltophilia.2_TSB_15_1_0",12.9369236294739,-1.2116837451365,"Gompertz"
"714","Stenotrophomonas.maltophilia.2_TSB_15_1_0",15.340529087046,-1.09599890810478,"Gompertz"
"814","Stenotrophomonas.maltophilia.2_TSB_15_1_0",17.7441345446181,-1.00583998068203,"Gompertz"
"914","Stenotrophomonas.maltophilia.2_TSB_15_1_0",20.1477400021903,-0.93557634974718,"Gompertz"
"1014","Stenotrophomonas.maltophilia.2_TSB_15_1_0",22.5513454597624,-0.880818762845593,"Gompertz"
"1114","Stenotrophomonas.maltophilia.2_TSB_15_1_0",24.9549509173345,-0.838145910734397,"Gompertz"
"1214","Stenotrophomonas.maltophilia.2_TSB_15_1_0",27.3585563749066,-0.804891129333214,"Gompertz"
"1314","Stenotrophomonas.maltophilia.2_TSB_15_1_0",29.7621618324788,-0.778976042262798,"Gompertz"
"1414","Stenotrophomonas.maltophilia.2_TSB_15_1_0",32.1657672900509,-0.758780838204871,"Gompertz"
"1514","Stenotrophomonas.maltophilia.2_TSB_15_1_0",34.569372747623,-0.743043130309843,"Gompertz"
"1614","Stenotrophomonas.maltophilia.2_TSB_15_1_0",36.9729782051952,-0.730779109128889,"Gompertz"
"1714","Stenotrophomonas.maltophilia.2_TSB_15_1_0",39.3765836627673,-0.721222080581583,"Gompertz"
"1814","Stenotrophomonas.maltophilia.2_TSB_15_1_0",41.7801891203394,-0.71377455904485,"Gompertz"
"1914","Stenotrophomonas.maltophilia.2_TSB_15_1_0",44.1837945779116,-0.707970928072086,"Gompertz"
"203","Stenotrophomonas.maltophilia.2_TSB_15_1_0",46.5874000354837,-0.703448338889416,"Gompertz"
"215","Stenotrophomonas.maltophilia.2_TSB_15_1_0",48.9910054930558,-0.699924029996623,"Gompertz"
"223","Stenotrophomonas.maltophilia.2_TSB_15_1_0",51.3946109506279,-0.697177651540301,"Gompertz"
"233","Stenotrophomonas.maltophilia.2_TSB_15_1_0",53.7982164082001,-0.695037490353684,"Gompertz"
"243","Stenotrophomonas.maltophilia.2_TSB_15_1_0",56.2018218657722,-0.693369735030274,"Gompertz"
"253","Stenotrophomonas.maltophilia.2_TSB_15_1_0",58.6054273233443,-0.692070110217401,"Gompertz"
"263","Stenotrophomonas.maltophilia.2_TSB_15_1_0",61.0090327809165,-0.691057357300338,"Gompertz"
"273","Stenotrophomonas.maltophilia.2_TSB_15_1_0",63.4126382384886,-0.690268153997863,"Gompertz"
"283","Stenotrophomonas.maltophilia.2_TSB_15_1_0",65.8162436960607,-0.689653155303745,"Gompertz"
"293","Stenotrophomonas.maltophilia.2_TSB_15_1_0",68.2198491536329,-0.689173908282669,"Gompertz"
"303","Stenotrophomonas.maltophilia.2_TSB_15_1_0",70.623454611205,-0.688800447850895,"Gompertz"
"315","Stenotrophomonas.maltophilia.2_TSB_15_1_0",73.0270600687771,-0.688509423235018,"Gompertz"
"323","Stenotrophomonas.maltophilia.2_TSB_15_1_0",75.4306655263492,-0.688282637976727,"Gompertz"
"333","Stenotrophomonas.maltophilia.2_TSB_15_1_0",77.8342709839214,-0.688105912203469,"Gompertz"
"343","Stenotrophomonas.maltophilia.2_TSB_15_1_0",80.2378764414935,-0.687968196032443,"Gompertz"
"353","Stenotrophomonas.maltophilia.2_TSB_15_1_0",82.6414818990656,-0.687860878674201,"Gompertz"
"363","Stenotrophomonas.maltophilia.2_TSB_15_1_0",85.0450873566378,-0.687777250042018,"Gompertz"
"373","Stenotrophomonas.maltophilia.2_TSB_15_1_0",87.4486928142099,-0.687712081199834,"Gompertz"
"383","Stenotrophomonas.maltophilia.2_TSB_15_1_0",89.852298271782,-0.687661297421528,"Gompertz"
"393","Stenotrophomonas.maltophilia.2_TSB_15_1_0",92.2559037293541,-0.687621723416328,"Gompertz"
"403","Stenotrophomonas.maltophilia.2_TSB_15_1_0",94.6595091869263,-0.687590884791803,"Gompertz"
"415","Stenotrophomonas.maltophilia.2_TSB_15_1_0",97.0631146444984,-0.687566853340968,"Gompertz"
"423","Stenotrophomonas.maltophilia.2_TSB_15_1_0",99.4667201020705,-0.687548126480465,"Gompertz"
"433","Stenotrophomonas.maltophilia.2_TSB_15_1_0",101.870325559643,-0.687533533299757,"Gompertz"
"443","Stenotrophomonas.maltophilia.2_TSB_15_1_0",104.273931017215,-0.687522161349648,"Gompertz"
"453","Stenotrophomonas.maltophilia.2_TSB_15_1_0",106.677536474787,-0.687513299590933,"Gompertz"
"463","Stenotrophomonas.maltophilia.2_TSB_15_1_0",109.081141932359,-0.68750639393545,"Gompertz"
"473","Stenotrophomonas.maltophilia.2_TSB_15_1_0",111.484747389931,-0.687501012602183,"Gompertz"
"483","Stenotrophomonas.maltophilia.2_TSB_15_1_0",113.888352847503,-0.687496819119474,"Gompertz"
"493","Stenotrophomonas.maltophilia.2_TSB_15_1_0",116.291958305075,-0.687493551286479,"Gompertz"
"503","Stenotrophomonas.maltophilia.2_TSB_15_1_0",118.695563762648,-0.687491004779758,"Gompertz"
"515","Stenotrophomonas.maltophilia.2_TSB_15_1_0",121.09916922022,-0.687489020377143,"Gompertz"
"523","Stenotrophomonas.maltophilia.2_TSB_15_1_0",123.502774677792,-0.687487474002296,"Gompertz"
"533","Stenotrophomonas.maltophilia.2_TSB_15_1_0",125.906380135364,-0.687486268967064,"Gompertz"
"543","Stenotrophomonas.maltophilia.2_TSB_15_1_0",128.309985592936,-0.687485329925607,"Gompertz"
"553","Stenotrophomonas.maltophilia.2_TSB_15_1_0",130.713591050508,-0.687484598163906,"Gompertz"
"563","Stenotrophomonas.maltophilia.2_TSB_15_1_0",133.11719650808,-0.687484027927781,"Gompertz"
"573","Stenotrophomonas.maltophilia.2_TSB_15_1_0",135.520801965652,-0.687483583562994,"Gompertz"
"583","Stenotrophomonas.maltophilia.2_TSB_15_1_0",137.924407423225,-0.687483237285164,"Gompertz"
"593","Stenotrophomonas.maltophilia.2_TSB_15_1_0",140.328012880797,-0.687482967443088,"Gompertz"
"603","Stenotrophomonas.maltophilia.2_TSB_15_1_0",142.731618338369,-0.687482757164844,"Gompertz"
"615","Stenotrophomonas.maltophilia.2_TSB_15_1_0",145.135223795941,-0.687482593302207,"Gompertz"
"623","Stenotrophomonas.maltophilia.2_TSB_15_1_0",147.538829253513,-0.68748246561006,"Gompertz"
"633","Stenotrophomonas.maltophilia.2_TSB_15_1_0",149.942434711085,-0.68748236610395,"Gompertz"
"643","Stenotrophomonas.maltophilia.2_TSB_15_1_0",152.346040168657,-0.687482288562364,"Gompertz"
"653","Stenotrophomonas.maltophilia.2_TSB_15_1_0",154.74964562623,-0.687482228137014,"Gompertz"
"663","Stenotrophomonas.maltophilia.2_TSB_15_1_0",157.153251083802,-0.687482181049631,"Gompertz"
"673","Stenotrophomonas.maltophilia.2_TSB_15_1_0",159.556856541374,-0.687482144356068,"Gompertz"
"683","Stenotrophomonas.maltophilia.2_TSB_15_1_0",161.960461998946,-0.687482115762123,"Gompertz"
"693","Stenotrophomonas.maltophilia.2_TSB_15_1_0",164.364067456518,-0.687482093479844,"Gompertz"
"703","Stenotrophomonas.maltophilia.2_TSB_15_1_0",166.76767291409,-0.687482076116112,"Gompertz"
"715","Stenotrophomonas.maltophilia.2_TSB_15_1_0",169.171278371662,-0.687482062585104,"Gompertz"
"723","Stenotrophomonas.maltophilia.2_TSB_15_1_0",171.574883829234,-0.687482052040878,"Gompertz"
"733","Stenotrophomonas.maltophilia.2_TSB_15_1_0",173.978489286807,-0.687482043824161,"Gompertz"
"743","Stenotrophomonas.maltophilia.2_TSB_15_1_0",176.382094744379,-0.687482037421205,"Gompertz"
"753","Stenotrophomonas.maltophilia.2_TSB_15_1_0",178.785700201951,-0.68748203243149,"Gompertz"
"763","Stenotrophomonas.maltophilia.2_TSB_15_1_0",181.189305659523,-0.687482028543286,"Gompertz"
"773","Stenotrophomonas.maltophilia.2_TSB_15_1_0",183.592911117095,-0.687482025513191,"Gompertz"
"783","Stenotrophomonas.maltophilia.2_TSB_15_1_0",185.996516574667,-0.687482023152029,"Gompertz"
"793","Stenotrophomonas.maltophilia.2_TSB_15_1_0",188.400122032239,-0.687482021312121,"Gompertz"
"803","Stenotrophomonas.maltophilia.2_TSB_15_1_0",190.803727489811,-0.687482019878303,"Gompertz"
"815","Stenotrophomonas.maltophilia.2_TSB_15_1_0",193.207332947384,-0.687482018760988,"Gompertz"
"823","Stenotrophomonas.maltophilia.2_TSB_15_1_0",195.610938404956,-0.687482017890261,"Gompertz"
"833","Stenotrophomonas.maltophilia.2_TSB_15_1_0",198.014543862528,-0.687482017211778,"Gompertz"
"843","Stenotrophomonas.maltophilia.2_TSB_15_1_0",200.4181493201,-0.687482016683134,"Gompertz"
"853","Stenotrophomonas.maltophilia.2_TSB_15_1_0",202.821754777672,-0.687482016271133,"Gompertz"
"863","Stenotrophomonas.maltophilia.2_TSB_15_1_0",205.225360235244,-0.687482015950081,"Gompertz"
"873","Stenotrophomonas.maltophilia.2_TSB_15_1_0",207.628965692816,-0.687482015699857,"Gompertz"
"883","Stenotrophomonas.maltophilia.2_TSB_15_1_0",210.032571150389,-0.687482015504884,"Gompertz"
"893","Stenotrophomonas.maltophilia.2_TSB_15_1_0",212.436176607961,-0.687482015352884,"Gompertz"
"903","Stenotrophomonas.maltophilia.2_TSB_15_1_0",214.839782065533,-0.687482015234536,"Gompertz"
"915","Stenotrophomonas.maltophilia.2_TSB_15_1_0",217.243387523105,-0.687482015142223,"Gompertz"
"923","Stenotrophomonas.maltophilia.2_TSB_15_1_0",219.646992980677,-0.687482015070259,"Gompertz"
"933","Stenotrophomonas.maltophilia.2_TSB_15_1_0",222.050598438249,-0.687482015014325,"Gompertz"
"943","Stenotrophomonas.maltophilia.2_TSB_15_1_0",224.454203895821,-0.687482014970669,"Gompertz"
"953","Stenotrophomonas.maltophilia.2_TSB_15_1_0",226.857809353393,-0.687482014936677,"Gompertz"
"963","Stenotrophomonas.maltophilia.2_TSB_15_1_0",229.261414810966,-0.687482014910074,"Gompertz"
"973","Stenotrophomonas.maltophilia.2_TSB_15_1_0",231.665020268538,-0.687482014889383,"Gompertz"
"983","Stenotrophomonas.maltophilia.2_TSB_15_1_0",234.06862572611,-0.687482014873353,"Gompertz"
"993","Stenotrophomonas.maltophilia.2_TSB_15_1_0",236.472231183682,-0.687482014860734,"Gompertz"
"1003","Stenotrophomonas.maltophilia.2_TSB_15_1_0",238.875836641254,-0.687482014851071,"Gompertz"
"1015","Stenotrophomonas.maltophilia.2_TSB_15_1_0",241.279442098826,-0.68748201484334,"Gompertz"
"1023","Stenotrophomonas.maltophilia.2_TSB_15_1_0",243.683047556398,-0.687482014837542,"Gompertz"
"1033","Stenotrophomonas.maltophilia.2_TSB_15_1_0",246.08665301397,-0.687482014832881,"Gompertz"
"1043","Stenotrophomonas.maltophilia.2_TSB_15_1_0",248.490258471543,-0.687482014829243,"Gompertz"
"1053","Stenotrophomonas.maltophilia.2_TSB_15_1_0",250.893863929115,-0.687482014826514,"Gompertz"
"1063","Stenotrophomonas.maltophilia.2_TSB_15_1_0",253.297469386687,-0.687482014824241,"Gompertz"
"1073","Stenotrophomonas.maltophilia.2_TSB_15_1_0",255.701074844259,-0.687482014822535,"Gompertz"
"1083","Stenotrophomonas.maltophilia.2_TSB_15_1_0",258.104680301831,-0.687482014821285,"Gompertz"
"1093","Stenotrophomonas.maltophilia.2_TSB_15_1_0",260.508285759403,-0.687482014820148,"Gompertz"
"1105","Stenotrophomonas.maltophilia.2_TSB_15_1_0",262.911891216975,-0.687482014819352,"Gompertz"
"1115","Stenotrophomonas.maltophilia.2_TSB_15_1_0",265.315496674547,-0.68748201481867,"Gompertz"
"1123","Stenotrophomonas.maltophilia.2_TSB_15_1_0",267.71910213212,-0.687482014818215,"Gompertz"
"1133","Stenotrophomonas.maltophilia.2_TSB_15_1_0",270.122707589692,-0.687482014817874,"Gompertz"
"1143","Stenotrophomonas.maltophilia.2_TSB_15_1_0",272.526313047264,-0.687482014817533,"Gompertz"
"1153","Stenotrophomonas.maltophilia.2_TSB_15_1_0",274.929918504836,-0.687482014817306,"Gompertz"
"1163","Stenotrophomonas.maltophilia.2_TSB_15_1_0",277.333523962408,-0.687482014817192,"Gompertz"
"1173","Stenotrophomonas.maltophilia.2_TSB_15_1_0",279.73712941998,-0.687482014817078,"Gompertz"
"1183","Stenotrophomonas.maltophilia.2_TSB_15_1_0",282.140734877552,-0.687482014816965,"Gompertz"
"1193","Stenotrophomonas.maltophilia.2_TSB_15_1_0",284.544340335125,-0.687482014816851,"Gompertz"
"1203","Stenotrophomonas.maltophilia.2_TSB_15_1_0",286.947945792697,-0.687482014816737,"Gompertz"
"1215","Stenotrophomonas.maltophilia.2_TSB_15_1_0",289.351551250269,-0.687482014816737,"Gompertz"
"1223","Stenotrophomonas.maltophilia.2_TSB_15_1_0",291.755156707841,-0.687482014816624,"Gompertz"
"1233","Stenotrophomonas.maltophilia.2_TSB_15_1_0",294.158762165413,-0.687482014816624,"Gompertz"
"1243","Stenotrophomonas.maltophilia.2_TSB_15_1_0",296.562367622985,-0.687482014816624,"Gompertz"
"1253","Stenotrophomonas.maltophilia.2_TSB_15_1_0",298.965973080557,-0.687482014816624,"Gompertz"
"1263","Stenotrophomonas.maltophilia.2_TSB_15_1_0",301.369578538129,-0.687482014816624,"Gompertz"
"1273","Stenotrophomonas.maltophilia.2_TSB_15_1_0",303.773183995702,-0.68748201481651,"Gompertz"
"1283","Stenotrophomonas.maltophilia.2_TSB_15_1_0",306.176789453274,-0.68748201481651,"Gompertz"
"1293","Stenotrophomonas.maltophilia.2_TSB_15_1_0",308.580394910846,-0.68748201481651,"Gompertz"
"1303","Stenotrophomonas.maltophilia.2_TSB_15_1_0",310.984000368418,-0.68748201481651,"Gompertz"
"1315","Stenotrophomonas.maltophilia.2_TSB_15_1_0",313.38760582599,-0.68748201481651,"Gompertz"
"1323","Stenotrophomonas.maltophilia.2_TSB_15_1_0",315.791211283562,-0.68748201481651,"Gompertz"
"1333","Stenotrophomonas.maltophilia.2_TSB_15_1_0",318.194816741134,-0.68748201481651,"Gompertz"
"1343","Stenotrophomonas.maltophilia.2_TSB_15_1_0",320.598422198706,-0.68748201481651,"Gompertz"
"1353","Stenotrophomonas.maltophilia.2_TSB_15_1_0",323.002027656279,-0.68748201481651,"Gompertz"
"1363","Stenotrophomonas.maltophilia.2_TSB_15_1_0",325.405633113851,-0.68748201481651,"Gompertz"
"1373","Stenotrophomonas.maltophilia.2_TSB_15_1_0",327.809238571423,-0.68748201481651,"Gompertz"
"1383","Stenotrophomonas.maltophilia.2_TSB_15_1_0",330.212844028995,-0.68748201481651,"Gompertz"
"1393","Stenotrophomonas.maltophilia.2_TSB_15_1_0",332.616449486567,-0.68748201481651,"Gompertz"
"1403","Stenotrophomonas.maltophilia.2_TSB_15_1_0",335.020054944139,-0.68748201481651,"Gompertz"
"1415","Stenotrophomonas.maltophilia.2_TSB_15_1_0",337.423660401711,-0.68748201481651,"Gompertz"
"1423","Stenotrophomonas.maltophilia.2_TSB_15_1_0",339.827265859284,-0.68748201481651,"Gompertz"
"1433","Stenotrophomonas.maltophilia.2_TSB_15_1_0",342.230871316856,-0.68748201481651,"Gompertz"
"1443","Stenotrophomonas.maltophilia.2_TSB_15_1_0",344.634476774428,-0.68748201481651,"Gompertz"
"1453","Stenotrophomonas.maltophilia.2_TSB_15_1_0",347.038082232,-0.68748201481651,"Gompertz"
"1463","Stenotrophomonas.maltophilia.2_TSB_15_1_0",349.441687689572,-0.68748201481651,"Gompertz"
"1473","Stenotrophomonas.maltophilia.2_TSB_15_1_0",351.845293147144,-0.68748201481651,"Gompertz"
"1483","Stenotrophomonas.maltophilia.2_TSB_15_1_0",354.248898604716,-0.68748201481651,"Gompertz"
"1493","Stenotrophomonas.maltophilia.2_TSB_15_1_0",356.652504062288,-0.68748201481651,"Gompertz"
"1503","Stenotrophomonas.maltophilia.2_TSB_15_1_0",359.056109519861,-0.68748201481651,"Gompertz"
"1515","Stenotrophomonas.maltophilia.2_TSB_15_1_0",361.459714977433,-0.68748201481651,"Gompertz"
"1523","Stenotrophomonas.maltophilia.2_TSB_15_1_0",363.863320435005,-0.68748201481651,"Gompertz"
"1533","Stenotrophomonas.maltophilia.2_TSB_15_1_0",366.266925892577,-0.68748201481651,"Gompertz"
"1543","Stenotrophomonas.maltophilia.2_TSB_15_1_0",368.670531350149,-0.68748201481651,"Gompertz"
"1553","Stenotrophomonas.maltophilia.2_TSB_15_1_0",371.074136807721,-0.68748201481651,"Gompertz"
"1563","Stenotrophomonas.maltophilia.2_TSB_15_1_0",373.477742265293,-0.68748201481651,"Gompertz"
"1573","Stenotrophomonas.maltophilia.2_TSB_15_1_0",375.881347722865,-0.68748201481651,"Gompertz"
"1583","Stenotrophomonas.maltophilia.2_TSB_15_1_0",378.284953180438,-0.68748201481651,"Gompertz"
"1593","Stenotrophomonas.maltophilia.2_TSB_15_1_0",380.68855863801,-0.68748201481651,"Gompertz"
"1603","Stenotrophomonas.maltophilia.2_TSB_15_1_0",383.092164095582,-0.68748201481651,"Gompertz"
"1615","Stenotrophomonas.maltophilia.2_TSB_15_1_0",385.495769553154,-0.68748201481651,"Gompertz"
"1623","Stenotrophomonas.maltophilia.2_TSB_15_1_0",387.899375010726,-0.68748201481651,"Gompertz"
"1633","Stenotrophomonas.maltophilia.2_TSB_15_1_0",390.302980468298,-0.68748201481651,"Gompertz"
"1643","Stenotrophomonas.maltophilia.2_TSB_15_1_0",392.70658592587,-0.68748201481651,"Gompertz"
"1653","Stenotrophomonas.maltophilia.2_TSB_15_1_0",395.110191383442,-0.68748201481651,"Gompertz"
"1663","Stenotrophomonas.maltophilia.2_TSB_15_1_0",397.513796841015,-0.68748201481651,"Gompertz"
"1673","Stenotrophomonas.maltophilia.2_TSB_15_1_0",399.917402298587,-0.68748201481651,"Gompertz"
"1683","Stenotrophomonas.maltophilia.2_TSB_15_1_0",402.321007756159,-0.68748201481651,"Gompertz"
"1693","Stenotrophomonas.maltophilia.2_TSB_15_1_0",404.724613213731,-0.68748201481651,"Gompertz"
"1703","Stenotrophomonas.maltophilia.2_TSB_15_1_0",407.128218671303,-0.68748201481651,"Gompertz"
"1715","Stenotrophomonas.maltophilia.2_TSB_15_1_0",409.531824128875,-0.68748201481651,"Gompertz"
"1723","Stenotrophomonas.maltophilia.2_TSB_15_1_0",411.935429586447,-0.68748201481651,"Gompertz"
"1733","Stenotrophomonas.maltophilia.2_TSB_15_1_0",414.33903504402,-0.68748201481651,"Gompertz"
"1743","Stenotrophomonas.maltophilia.2_TSB_15_1_0",416.742640501592,-0.68748201481651,"Gompertz"
"1753","Stenotrophomonas.maltophilia.2_TSB_15_1_0",419.146245959164,-0.68748201481651,"Gompertz"
"1763","Stenotrophomonas.maltophilia.2_TSB_15_1_0",421.549851416736,-0.68748201481651,"Gompertz"
"1773","Stenotrophomonas.maltophilia.2_TSB_15_1_0",423.953456874308,-0.68748201481651,"Gompertz"
"1783","Stenotrophomonas.maltophilia.2_TSB_15_1_0",426.35706233188,-0.68748201481651,"Gompertz"
"1793","Stenotrophomonas.maltophilia.2_TSB_15_1_0",428.760667789452,-0.68748201481651,"Gompertz"
"1803","Stenotrophomonas.maltophilia.2_TSB_15_1_0",431.164273247024,-0.68748201481651,"Gompertz"
"1815","Stenotrophomonas.maltophilia.2_TSB_15_1_0",433.567878704597,-0.68748201481651,"Gompertz"
"1823","Stenotrophomonas.maltophilia.2_TSB_15_1_0",435.971484162169,-0.68748201481651,"Gompertz"
"1833","Stenotrophomonas.maltophilia.2_TSB_15_1_0",438.375089619741,-0.68748201481651,"Gompertz"
"1843","Stenotrophomonas.maltophilia.2_TSB_15_1_0",440.778695077313,-0.68748201481651,"Gompertz"
"1853","Stenotrophomonas.maltophilia.2_TSB_15_1_0",443.182300534885,-0.68748201481651,"Gompertz"
"1863","Stenotrophomonas.maltophilia.2_TSB_15_1_0",445.585905992457,-0.68748201481651,"Gompertz"
"1873","Stenotrophomonas.maltophilia.2_TSB_15_1_0",447.989511450029,-0.68748201481651,"Gompertz"
"1883","Stenotrophomonas.maltophilia.2_TSB_15_1_0",450.393116907601,-0.68748201481651,"Gompertz"
"1893","Stenotrophomonas.maltophilia.2_TSB_15_1_0",452.796722365174,-0.68748201481651,"Gompertz"
"1903","Stenotrophomonas.maltophilia.2_TSB_15_1_0",455.200327822746,-0.68748201481651,"Gompertz"
"1915","Stenotrophomonas.maltophilia.2_TSB_15_1_0",457.603933280318,-0.68748201481651,"Gompertz"
"1923","Stenotrophomonas.maltophilia.2_TSB_15_1_0",460.00753873789,-0.68748201481651,"Gompertz"
"1933","Stenotrophomonas.maltophilia.2_TSB_15_1_0",462.411144195462,-0.68748201481651,"Gompertz"
"1943","Stenotrophomonas.maltophilia.2_TSB_15_1_0",464.814749653034,-0.68748201481651,"Gompertz"
"1953","Stenotrophomonas.maltophilia.2_TSB_15_1_0",467.218355110606,-0.68748201481651,"Gompertz"
"1963","Stenotrophomonas.maltophilia.2_TSB_15_1_0",469.621960568179,-0.68748201481651,"Gompertz"
"1973","Stenotrophomonas.maltophilia.2_TSB_15_1_0",472.025566025751,-0.68748201481651,"Gompertz"
"1983","Stenotrophomonas.maltophilia.2_TSB_15_1_0",474.429171483323,-0.68748201481651,"Gompertz"
"1993","Stenotrophomonas.maltophilia.2_TSB_15_1_0",476.832776940895,-0.68748201481651,"Gompertz"
"2003","Stenotrophomonas.maltophilia.2_TSB_15_1_0",479.236382398467,-0.68748201481651,"Gompertz"
"1106","Stenotrophomonas.maltophilia.2_TSB_15_1_0",0.91889634161322,-2.49653027306179,"Baranyi"
"216","Stenotrophomonas.maltophilia.2_TSB_15_1_0",3.32250179918535,-1.92729160633155,"Baranyi"
"316","Stenotrophomonas.maltophilia.2_TSB_15_1_0",5.72610725675748,-1.6809220924295,"Baranyi"
"416","Stenotrophomonas.maltophilia.2_TSB_15_1_0",8.12971271432961,-1.51986821270524,"Baranyi"
"516","Stenotrophomonas.maltophilia.2_TSB_15_1_0",10.5333181719017,-1.39973835090504,"Baranyi"
"616","Stenotrophomonas.maltophilia.2_TSB_15_1_0",12.9369236294739,-1.30407929214635,"Baranyi"
"716","Stenotrophomonas.maltophilia.2_TSB_15_1_0",15.340529087046,-1.22495725996117,"Baranyi"
"816","Stenotrophomonas.maltophilia.2_TSB_15_1_0",17.7441345446181,-1.15792913421048,"Baranyi"
"916","Stenotrophomonas.maltophilia.2_TSB_15_1_0",20.1477400021903,-1.10024569235675,"Baranyi"
"1016","Stenotrophomonas.maltophilia.2_TSB_15_1_0",22.5513454597624,-1.05007624302003,"Baranyi"
"1116","Stenotrophomonas.maltophilia.2_TSB_15_1_0",24.9549509173345,-1.0061290315775,"Baranyi"
"1216","Stenotrophomonas.maltophilia.2_TSB_15_1_0",27.3585563749066,-0.967447882268917,"Baranyi"
"1316","Stenotrophomonas.maltophilia.2_TSB_15_1_0",29.7621618324788,-0.933295742363256,"Baranyi"
"1416","Stenotrophomonas.maltophilia.2_TSB_15_1_0",32.1657672900509,-0.903084549048474,"Baranyi"
"1516","Stenotrophomonas.maltophilia.2_TSB_15_1_0",34.569372747623,-0.876331332016441,"Baranyi"
"1616","Stenotrophomonas.maltophilia.2_TSB_15_1_0",36.9729782051952,-0.852629893222925,"Baranyi"
"1716","Stenotrophomonas.maltophilia.2_TSB_15_1_0",39.3765836627673,-0.831632075708052,"Baranyi"
"1816","Stenotrophomonas.maltophilia.2_TSB_15_1_0",41.7801891203394,-0.81303509576952,"Baranyi"
"1916","Stenotrophomonas.maltophilia.2_TSB_15_1_0",44.1837945779116,-0.796572783101921,"Baranyi"
"204","Stenotrophomonas.maltophilia.2_TSB_15_1_0",46.5874000354837,-0.782009372830947,"Baranyi"
"217","Stenotrophomonas.maltophilia.2_TSB_15_1_0",48.9910054930558,-0.769134978765984,"Baranyi"
"224","Stenotrophomonas.maltophilia.2_TSB_15_1_0",51.3946109506279,-0.757762181821726,"Baranyi"
"234","Stenotrophomonas.maltophilia.2_TSB_15_1_0",53.7982164082001,-0.747723363570315,"Baranyi"
"244","Stenotrophomonas.maltophilia.2_TSB_15_1_0",56.2018218657722,-0.738868543131993,"Baranyi"
"254","Stenotrophomonas.maltophilia.2_TSB_15_1_0",58.6054273233443,-0.731063560249709,"Baranyi"
"264","Stenotrophomonas.maltophilia.2_TSB_15_1_0",61.0090327809165,-0.724188503312483,"Baranyi"
"274","Stenotrophomonas.maltophilia.2_TSB_15_1_0",63.4126382384886,-0.718136317824592,"Baranyi"
"284","Stenotrophomonas.maltophilia.2_TSB_15_1_0",65.8162436960607,-0.712811554652719,"Baranyi"
"294","Stenotrophomonas.maltophilia.2_TSB_15_1_0",68.2198491536329,-0.708129232563462,"Baranyi"
"304","Stenotrophomonas.maltophilia.2_TSB_15_1_0",70.623454611205,-0.704013798986377,"Baranyi"
"317","Stenotrophomonas.maltophilia.2_TSB_15_1_0",73.0270600687771,-0.700398178588929,"Baranyi"
"324","Stenotrophomonas.maltophilia.2_TSB_15_1_0",75.4306655263492,-0.69722290248535,"Baranyi"
"334","Stenotrophomonas.maltophilia.2_TSB_15_1_0",77.8342709839214,-0.694435312637274,"Baranyi"
"344","Stenotrophomonas.maltophilia.2_TSB_15_1_0",80.2378764414935,-0.691988836848882,"Baranyi"
"354","Stenotrophomonas.maltophilia.2_TSB_15_1_0",82.6414818990656,-0.689842330107822,"Baranyi"
"364","Stenotrophomonas.maltophilia.2_TSB_15_1_0",85.0450873566378,-0.687959478124131,"Baranyi"
"374","Stenotrophomonas.maltophilia.2_TSB_15_1_0",87.4486928142099,-0.686308258922294,"Baranyi"
"384","Stenotrophomonas.maltophilia.2_TSB_15_1_0",89.852298271782,-0.684860458331269,"Baranyi"
"394","Stenotrophomonas.maltophilia.2_TSB_15_1_0",92.2559037293541,-0.683591235236674,"Baranyi"
"404","Stenotrophomonas.maltophilia.2_TSB_15_1_0",94.6595091869263,-0.682478732525868,"Baranyi"
"417","Stenotrophomonas.maltophilia.2_TSB_15_1_0",97.0631146444984,-0.681503729772708,"Baranyi"
"424","Stenotrophomonas.maltophilia.2_TSB_15_1_0",99.4667201020705,-0.680649333868822,"Baranyi"
"434","Stenotrophomonas.maltophilia.2_TSB_15_1_0",101.870325559643,-0.679900704003181,"Baranyi"
"444","Stenotrophomonas.maltophilia.2_TSB_15_1_0",104.273931017215,-0.679244807611381,"Baranyi"
"454","Stenotrophomonas.maltophilia.2_TSB_15_1_0",106.677536474787,-0.678670204150786,"Baranyi"
"464","Stenotrophomonas.maltophilia.2_TSB_15_1_0",109.081141932359,-0.678166853799111,"Baranyi"
"474","Stenotrophomonas.maltophilia.2_TSB_15_1_0",111.484747389931,-0.677725948415285,"Baranyi"
"484","Stenotrophomonas.maltophilia.2_TSB_15_1_0",113.888352847503,-0.67733976233719,"Baranyi"
"494","Stenotrophomonas.maltophilia.2_TSB_15_1_0",116.291958305075,-0.677001520817151,"Baranyi"
"504","Stenotrophomonas.maltophilia.2_TSB_15_1_0",118.695563762648,-0.676705284110247,"Baranyi"
"517","Stenotrophomonas.maltophilia.2_TSB_15_1_0",121.09916922022,-0.676445845430777,"Baranyi"
"524","Stenotrophomonas.maltophilia.2_TSB_15_1_0",123.502774677792,-0.676218641177764,"Baranyi"
"534","Stenotrophomonas.maltophilia.2_TSB_15_1_0",125.906380135364,-0.676019672000868,"Baranyi"
"544","Stenotrophomonas.maltophilia.2_TSB_15_1_0",128.309985592936,-0.675845433433615,"Baranyi"
"554","Stenotrophomonas.maltophilia.2_TSB_15_1_0",130.713591050508,-0.675692854962069,"Baranyi"
"564","Stenotrophomonas.maltophilia.2_TSB_15_1_0",133.11719650808,-0.675559246524506,"Baranyi"
"574","Stenotrophomonas.maltophilia.2_TSB_15_1_0",135.520801965652,-0.675442251552312,"Baranyi"
"584","Stenotrophomonas.maltophilia.2_TSB_15_1_0",137.924407423225,-0.675339805765007,"Baranyi"
"594","Stenotrophomonas.maltophilia.2_TSB_15_1_0",140.328012880797,-0.675250101024094,"Baranyi"
"604","Stenotrophomonas.maltophilia.2_TSB_15_1_0",142.731618338369,-0.675171553632143,"Baranyi"
"617","Stenotrophomonas.maltophilia.2_TSB_15_1_0",145.135223795941,-0.675102776536213,"Baranyi"
"624","Stenotrophomonas.maltophilia.2_TSB_15_1_0",147.538829253513,-0.675042554959189,"Baranyi"
"634","Stenotrophomonas.maltophilia.2_TSB_15_1_0",149.942434711085,-0.674989825039693,"Baranyi"
"644","Stenotrophomonas.maltophilia.2_TSB_15_1_0",152.346040168657,-0.674943655111761,"Baranyi"
"654","Stenotrophomonas.maltophilia.2_TSB_15_1_0",154.74964562623,-0.674903229300054,"Baranyi"
"664","Stenotrophomonas.maltophilia.2_TSB_15_1_0",157.153251083802,-0.674867833145735,"Baranyi"
"674","Stenotrophomonas.maltophilia.2_TSB_15_1_0",159.556856541374,-0.674836841012841,"Baranyi"
"684","Stenotrophomonas.maltophilia.2_TSB_15_1_0",161.960461998946,-0.674809705055498,"Baranyi"
"694","Stenotrophomonas.maltophilia.2_TSB_15_1_0",164.364067456518,-0.67478594555324,"Baranyi"
"704","Stenotrophomonas.maltophilia.2_TSB_15_1_0",166.76767291409,-0.674765142445307,"Baranyi"
"717","Stenotrophomonas.maltophilia.2_TSB_15_1_0",169.171278371662,-0.674746927915599,"Baranyi"
"724","Stenotrophomonas.maltophilia.2_TSB_15_1_0",171.574883829234,-0.674730979898201,"Baranyi"
"734","Stenotrophomonas.maltophilia.2_TSB_15_1_0",173.978489286807,-0.674717016389437,"Baranyi"
"744","Stenotrophomonas.maltophilia.2_TSB_15_1_0",176.382094744379,-0.674704790466471,"Baranyi"
"754","Stenotrophomonas.maltophilia.2_TSB_15_1_0",178.785700201951,-0.674694085924838,"Baranyi"
"764","Stenotrophomonas.maltophilia.2_TSB_15_1_0",181.189305659523,-0.674684713458113,"Baranyi"
"774","Stenotrophomonas.maltophilia.2_TSB_15_1_0",183.592911117095,-0.67467650731242,"Baranyi"
"784","Stenotrophomonas.maltophilia.2_TSB_15_1_0",185.996516574667,-0.674669322356836,"Baranyi"
"794","Stenotrophomonas.maltophilia.2_TSB_15_1_0",188.400122032239,-0.674663031518034,"Baranyi"
"804","Stenotrophomonas.maltophilia.2_TSB_15_1_0",190.803727489811,-0.674657523533908,"Baranyi"
"817","Stenotrophomonas.maltophilia.2_TSB_15_1_0",193.207332947384,-0.674652700986564,"Baranyi"
"824","Stenotrophomonas.maltophilia.2_TSB_15_1_0",195.610938404956,-0.674648478579938,"Baranyi"
"834","Stenotrophomonas.maltophilia.2_TSB_15_1_0",198.014543862528,-0.674644781631643,"Baranyi"
"844","Stenotrophomonas.maltophilia.2_TSB_15_1_0",200.4181493201,-0.674641544752416,"Baranyi"
"854","Stenotrophomonas.maltophilia.2_TSB_15_1_0",202.821754777672,-0.674638710689835,"Baranyi"
"864","Stenotrophomonas.maltophilia.2_TSB_15_1_0",205.225360235244,-0.674636229315873,"Baranyi"
"874","Stenotrophomonas.maltophilia.2_TSB_15_1_0",207.628965692816,-0.674634056740417,"Baranyi"
"884","Stenotrophomonas.maltophilia.2_TSB_15_1_0",210.032571150389,-0.674632154535073,"Baranyi"
"894","Stenotrophomonas.maltophilia.2_TSB_15_1_0",212.436176607961,-0.674630489053541,"Baranyi"
"904","Stenotrophomonas.maltophilia.2_TSB_15_1_0",214.839782065533,-0.674629030836553,"Baranyi"
"917","Stenotrophomonas.maltophilia.2_TSB_15_1_0",217.243387523105,-0.674627754090848,"Baranyi"
"924","Stenotrophomonas.maltophilia.2_TSB_15_1_0",219.646992980677,-0.674626636232982,"Baranyi"
"934","Stenotrophomonas.maltophilia.2_TSB_15_1_0",222.050598438249,-0.674625657489896,"Baranyi"
"944","Stenotrophomonas.maltophilia.2_TSB_15_1_0",224.454203895821,-0.674624800549189,"Baranyi"
"954","Stenotrophomonas.maltophilia.2_TSB_15_1_0",226.857809353393,-0.67462405025291,"Baranyi"
"964","Stenotrophomonas.maltophilia.2_TSB_15_1_0",229.261414810966,-0.674623393329451,"Baranyi"
"974","Stenotrophomonas.maltophilia.2_TSB_15_1_0",231.665020268538,-0.674622818158807,"Baranyi"
"984","Stenotrophomonas.maltophilia.2_TSB_15_1_0",234.06862572611,-0.674622314567039,"Baranyi"
"994","Stenotrophomonas.maltophilia.2_TSB_15_1_0",236.472231183682,-0.674621873646322,"Baranyi"
"1004","Stenotrophomonas.maltophilia.2_TSB_15_1_0",238.875836641254,-0.674621487597384,"Baranyi"
"1017","Stenotrophomonas.maltophilia.2_TSB_15_1_0",241.279442098826,-0.674621149591547,"Baranyi"
"1024","Stenotrophomonas.maltophilia.2_TSB_15_1_0",243.683047556398,-0.674620853649947,"Baranyi"
"1034","Stenotrophomonas.maltophilia.2_TSB_15_1_0",246.08665301397,-0.674620594537772,"Baranyi"
"1044","Stenotrophomonas.maltophilia.2_TSB_15_1_0",248.490258471543,-0.674620367671671,"Baranyi"
"1054","Stenotrophomonas.maltophilia.2_TSB_15_1_0",250.893863929115,-0.67462016903868,"Baranyi"
"1064","Stenotrophomonas.maltophilia.2_TSB_15_1_0",253.297469386687,-0.67461999512524,"Baranyi"
"1074","Stenotrophomonas.maltophilia.2_TSB_15_1_0",255.701074844259,-0.674619842855046,"Baranyi"
"1084","Stenotrophomonas.maltophilia.2_TSB_15_1_0",258.104680301831,-0.674619709534634,"Baranyi"
"1094","Stenotrophomonas.maltophilia.2_TSB_15_1_0",260.508285759403,-0.674619592805735,"Baranyi"
"1107","Stenotrophomonas.maltophilia.2_TSB_15_1_0",262.911891216975,-0.674619490603565,"Baranyi"
"1117","Stenotrophomonas.maltophilia.2_TSB_15_1_0",265.315496674547,-0.674619401120295,"Baranyi"
"1124","Stenotrophomonas.maltophilia.2_TSB_15_1_0",267.71910213212,-0.674619322773079,"Baranyi"
"1134","Stenotrophomonas.maltophilia.2_TSB_15_1_0",270.122707589692,-0.674619254176054,"Baranyi"
"1144","Stenotrophomonas.maltophilia.2_TSB_15_1_0",272.526313047264,-0.674619194115822,"Baranyi"
"1154","Stenotrophomonas.maltophilia.2_TSB_15_1_0",274.929918504836,-0.674619141529995,"Baranyi"
"1164","Stenotrophomonas.maltophilia.2_TSB_15_1_0",277.333523962408,-0.674619095488394,"Baranyi"
"1174","Stenotrophomonas.maltophilia.2_TSB_15_1_0",279.73712941998,-0.6746190551766,"Baranyi"
"1184","Stenotrophomonas.maltophilia.2_TSB_15_1_0",282.140734877552,-0.674619019881548,"Baranyi"
"1194","Stenotrophomonas.maltophilia.2_TSB_15_1_0",284.544340335125,-0.674618988978912,"Baranyi"
"1204","Stenotrophomonas.maltophilia.2_TSB_15_1_0",286.947945792697,-0.674618961922063,"Baranyi"
"1217","Stenotrophomonas.maltophilia.2_TSB_15_1_0",289.351551250269,-0.674618938232398,"Baranyi"
"1224","Stenotrophomonas.maltophilia.2_TSB_15_1_0",291.755156707841,-0.674618917490876,"Baranyi"
"1234","Stenotrophomonas.maltophilia.2_TSB_15_1_0",294.158762165413,-0.674618899330605,"Baranyi"
"1244","Stenotrophomonas.maltophilia.2_TSB_15_1_0",296.562367622985,-0.674618883430353,"Baranyi"
"1254","Stenotrophomonas.maltophilia.2_TSB_15_1_0",298.965973080557,-0.674618869508864,"Baranyi"
"1264","Stenotrophomonas.maltophilia.2_TSB_15_1_0",301.369578538129,-0.674618857319883,"Baranyi"
"1274","Stenotrophomonas.maltophilia.2_TSB_15_1_0",303.773183995702,-0.674618846647802,"Baranyi"
"1284","Stenotrophomonas.maltophilia.2_TSB_15_1_0",306.176789453274,-0.674618837303847,"Baranyi"
"1294","Stenotrophomonas.maltophilia.2_TSB_15_1_0",308.580394910846,-0.674618829122732,"Baranyi"
"1304","Stenotrophomonas.maltophilia.2_TSB_15_1_0",310.984000368418,-0.674618821959745,"Baranyi"
"1317","Stenotrophomonas.maltophilia.2_TSB_15_1_0",313.38760582599,-0.674618815688181,"Baranyi"
"1324","Stenotrophomonas.maltophilia.2_TSB_15_1_0",315.791211283562,-0.674618810197104,"Baranyi"
"1334","Stenotrophomonas.maltophilia.2_TSB_15_1_0",318.194816741134,-0.674618805389383,"Baranyi"
"1344","Stenotrophomonas.maltophilia.2_TSB_15_1_0",320.598422198706,-0.674618801179976,"Baranyi"
"1354","Stenotrophomonas.maltophilia.2_TSB_15_1_0",323.002027656279,-0.674618797494424,"Baranyi"
"1364","Stenotrophomonas.maltophilia.2_TSB_15_1_0",325.405633113851,-0.674618794267533,"Baranyi"
"1374","Stenotrophomonas.maltophilia.2_TSB_15_1_0",327.809238571423,-0.674618791442223,"Baranyi"
"1384","Stenotrophomonas.maltophilia.2_TSB_15_1_0",330.212844028995,-0.67461878896852,"Baranyi"
"1394","Stenotrophomonas.maltophilia.2_TSB_15_1_0",332.616449486567,-0.674618786802665,"Baranyi"
"1404","Stenotrophomonas.maltophilia.2_TSB_15_1_0",335.020054944139,-0.674618784906347,"Baranyi"
"1417","Stenotrophomonas.maltophilia.2_TSB_15_1_0",337.423660401711,-0.674618783246024,"Baranyi"
"1424","Stenotrophomonas.maltophilia.2_TSB_15_1_0",339.827265859284,-0.674618781792325,"Baranyi"
"1434","Stenotrophomonas.maltophilia.2_TSB_15_1_0",342.230871316856,-0.674618780519537,"Baranyi"
"1444","Stenotrophomonas.maltophilia.2_TSB_15_1_0",344.634476774428,-0.674618779405145,"Baranyi"
"1454","Stenotrophomonas.maltophilia.2_TSB_15_1_0",347.038082232,-0.674618778429438,"Baranyi"
"1464","Stenotrophomonas.maltophilia.2_TSB_15_1_0",349.441687689572,-0.674618777575156,"Baranyi"
"1474","Stenotrophomonas.maltophilia.2_TSB_15_1_0",351.845293147144,-0.674618776827189,"Baranyi"
"1484","Stenotrophomonas.maltophilia.2_TSB_15_1_0",354.248898604716,-0.674618776172304,"Baranyi"
"1494","Stenotrophomonas.maltophilia.2_TSB_15_1_0",356.652504062288,-0.67461877559892,"Baranyi"
"1504","Stenotrophomonas.maltophilia.2_TSB_15_1_0",359.056109519861,-0.674618775096892,"Baranyi"
"1517","Stenotrophomonas.maltophilia.2_TSB_15_1_0",361.459714977433,-0.67461877465734,"Baranyi"
"1524","Stenotrophomonas.maltophilia.2_TSB_15_1_0",363.863320435005,-0.67461877427249,"Baranyi"
"1534","Stenotrophomonas.maltophilia.2_TSB_15_1_0",366.266925892577,-0.674618773935535,"Baranyi"
"1544","Stenotrophomonas.maltophilia.2_TSB_15_1_0",368.670531350149,-0.674618773640512,"Baranyi"
"1554","Stenotrophomonas.maltophilia.2_TSB_15_1_0",371.074136807721,-0.674618773382205,"Baranyi"
"1564","Stenotrophomonas.maltophilia.2_TSB_15_1_0",373.477742265293,-0.674618773156044,"Baranyi"
"1574","Stenotrophomonas.maltophilia.2_TSB_15_1_0",375.881347722865,-0.674618772958028,"Baranyi"
"1584","Stenotrophomonas.maltophilia.2_TSB_15_1_0",378.284953180438,-0.674618772784655,"Baranyi"
"1594","Stenotrophomonas.maltophilia.2_TSB_15_1_0",380.68855863801,-0.674618772632858,"Baranyi"
"1604","Stenotrophomonas.maltophilia.2_TSB_15_1_0",383.092164095582,-0.674618772499952,"Baranyi"
"1617","Stenotrophomonas.maltophilia.2_TSB_15_1_0",385.495769553154,-0.674618772383586,"Baranyi"
"1624","Stenotrophomonas.maltophilia.2_TSB_15_1_0",387.899375010726,-0.674618772281702,"Baranyi"
"1634","Stenotrophomonas.maltophilia.2_TSB_15_1_0",390.302980468298,-0.674618772192497,"Baranyi"
"1644","Stenotrophomonas.maltophilia.2_TSB_15_1_0",392.70658592587,-0.674618772114393,"Baranyi"
"1654","Stenotrophomonas.maltophilia.2_TSB_15_1_0",395.110191383442,-0.674618772046009,"Baranyi"
"1664","Stenotrophomonas.maltophilia.2_TSB_15_1_0",397.513796841015,-0.674618771986136,"Baranyi"
"1674","Stenotrophomonas.maltophilia.2_TSB_15_1_0",399.917402298587,-0.674618771933713,"Baranyi"
"1684","Stenotrophomonas.maltophilia.2_TSB_15_1_0",402.321007756159,-0.674618771887815,"Baranyi"
"1694","Stenotrophomonas.maltophilia.2_TSB_15_1_0",404.724613213731,-0.674618771847628,"Baranyi"
"1704","Stenotrophomonas.maltophilia.2_TSB_15_1_0",407.128218671303,-0.674618771812443,"Baranyi"
"1717","Stenotrophomonas.maltophilia.2_TSB_15_1_0",409.531824128875,-0.674618771781636,"Baranyi"
"1724","Stenotrophomonas.maltophilia.2_TSB_15_1_0",411.935429586447,-0.674618771754664,"Baranyi"
"1734","Stenotrophomonas.maltophilia.2_TSB_15_1_0",414.33903504402,-0.674618771731047,"Baranyi"
"1744","Stenotrophomonas.maltophilia.2_TSB_15_1_0",416.742640501592,-0.67461877171037,"Baranyi"
"1754","Stenotrophomonas.maltophilia.2_TSB_15_1_0",419.146245959164,-0.674618771692267,"Baranyi"
"1764","Stenotrophomonas.maltophilia.2_TSB_15_1_0",421.549851416736,-0.674618771676416,"Baranyi"
"1774","Stenotrophomonas.maltophilia.2_TSB_15_1_0",423.953456874308,-0.674618771662538,"Baranyi"
"1784","Stenotrophomonas.maltophilia.2_TSB_15_1_0",426.35706233188,-0.674618771650387,"Baranyi"
"1794","Stenotrophomonas.maltophilia.2_TSB_15_1_0",428.760667789452,-0.674618771639748,"Baranyi"
"1804","Stenotrophomonas.maltophilia.2_TSB_15_1_0",431.164273247024,-0.674618771630433,"Baranyi"
"1817","Stenotrophomonas.maltophilia.2_TSB_15_1_0",433.567878704597,-0.674618771622277,"Baranyi"
"1824","Stenotrophomonas.maltophilia.2_TSB_15_1_0",435.971484162169,-0.674618771615136,"Baranyi"
"1834","Stenotrophomonas.maltophilia.2_TSB_15_1_0",438.375089619741,-0.674618771608884,"Baranyi"
"1844","Stenotrophomonas.maltophilia.2_TSB_15_1_0",440.778695077313,-0.67461877160341,"Baranyi"
"1854","Stenotrophomonas.maltophilia.2_TSB_15_1_0",443.182300534885,-0.674618771598617,"Baranyi"
"1864","Stenotrophomonas.maltophilia.2_TSB_15_1_0",445.585905992457,-0.674618771594421,"Baranyi"
"1874","Stenotrophomonas.maltophilia.2_TSB_15_1_0",447.989511450029,-0.674618771590747,"Baranyi"
"1884","Stenotrophomonas.maltophilia.2_TSB_15_1_0",450.393116907601,-0.67461877158753,"Baranyi"
"1894","Stenotrophomonas.maltophilia.2_TSB_15_1_0",452.796722365174,-0.674618771584714,"Baranyi"
"1904","Stenotrophomonas.maltophilia.2_TSB_15_1_0",455.200327822746,-0.674618771582248,"Baranyi"
"1917","Stenotrophomonas.maltophilia.2_TSB_15_1_0",457.603933280318,-0.674618771580089,"Baranyi"
"1924","Stenotrophomonas.maltophilia.2_TSB_15_1_0",460.00753873789,-0.674618771578198,"Baranyi"
"1934","Stenotrophomonas.maltophilia.2_TSB_15_1_0",462.411144195462,-0.674618771576543,"Baranyi"
"1944","Stenotrophomonas.maltophilia.2_TSB_15_1_0",464.814749653034,-0.674618771575094,"Baranyi"
"1954","Stenotrophomonas.maltophilia.2_TSB_15_1_0",467.218355110606,-0.674618771573825,"Baranyi"
"1964","Stenotrophomonas.maltophilia.2_TSB_15_1_0",469.621960568179,-0.674618771572714,"Baranyi"
"1974","Stenotrophomonas.maltophilia.2_TSB_15_1_0",472.025566025751,-0.674618771571741,"Baranyi"
"1984","Stenotrophomonas.maltophilia.2_TSB_15_1_0",474.429171483323,-0.67461877157089,"Baranyi"
"1994","Stenotrophomonas.maltophilia.2_TSB_15_1_0",476.832776940895,-0.674618771570144,"Baranyi"
"2004","Stenotrophomonas.maltophilia.2_TSB_15_1_0",479.236382398467,-0.674618771569491,"Baranyi"
